date,total_commits,repository_name,repository_url,repository_image
2023-12-30,2,FreeCodeCamp-Contents-Chrome-Extension,https://github.com/Aebel-Shajan/FreeCodeCamp-Contents-Chrome-Extension,https://opengraph.githubassets.com/2b56c25994553bdf0766cb2cf43c20059dc27e2c06af1795a9cba74401feff99/Aebel-Shajan/FreeCodeCamp-Contents-Chrome-Extension
2023-12-27,10,FreeCodeCamp-Contents-Chrome-Extension,https://github.com/Aebel-Shajan/FreeCodeCamp-Contents-Chrome-Extension,https://opengraph.githubassets.com/2b56c25994553bdf0766cb2cf43c20059dc27e2c06af1795a9cba74401feff99/Aebel-Shajan/FreeCodeCamp-Contents-Chrome-Extension
2023-12-26,14,FreeCodeCamp-Contents-Chrome-Extension,https://github.com/Aebel-Shajan/FreeCodeCamp-Contents-Chrome-Extension,https://opengraph.githubassets.com/2b56c25994553bdf0766cb2cf43c20059dc27e2c06af1795a9cba74401feff99/Aebel-Shajan/FreeCodeCamp-Contents-Chrome-Extension
2023-12-24,4,FreeCodeCamp-Contents-Chrome-Extension,https://github.com/Aebel-Shajan/FreeCodeCamp-Contents-Chrome-Extension,https://opengraph.githubassets.com/2b56c25994553bdf0766cb2cf43c20059dc27e2c06af1795a9cba74401feff99/Aebel-Shajan/FreeCodeCamp-Contents-Chrome-Extension
2023-12-23,4,FreeCodeCamp-Contents-Chrome-Extension,https://github.com/Aebel-Shajan/FreeCodeCamp-Contents-Chrome-Extension,https://opengraph.githubassets.com/2b56c25994553bdf0766cb2cf43c20059dc27e2c06af1795a9cba74401feff99/Aebel-Shajan/FreeCodeCamp-Contents-Chrome-Extension
2023-12-22,4,FreeCodeCamp-Contents-Chrome-Extension,https://github.com/Aebel-Shajan/FreeCodeCamp-Contents-Chrome-Extension,https://opengraph.githubassets.com/2b56c25994553bdf0766cb2cf43c20059dc27e2c06af1795a9cba74401feff99/Aebel-Shajan/FreeCodeCamp-Contents-Chrome-Extension
2023-11-27,4,Free-Code-Camp---Responsive-Web-Design-Course,https://github.com/Aebel-Shajan/Free-Code-Camp---Responsive-Web-Design-Course,https://opengraph.githubassets.com/887ad43de7168d6cf17d31d41485c5c6536f8c498465b85ff9433d33553ae860/Aebel-Shajan/Free-Code-Camp---Responsive-Web-Design-Course
2023-11-25,2,Free-Code-Camp---Responsive-Web-Design-Course,https://github.com/Aebel-Shajan/Free-Code-Camp---Responsive-Web-Design-Course,https://opengraph.githubassets.com/887ad43de7168d6cf17d31d41485c5c6536f8c498465b85ff9433d33553ae860/Aebel-Shajan/Free-Code-Camp---Responsive-Web-Design-Course
2023-11-24,5,Free-Code-Camp---Responsive-Web-Design-Course,https://github.com/Aebel-Shajan/Free-Code-Camp---Responsive-Web-Design-Course,https://opengraph.githubassets.com/887ad43de7168d6cf17d31d41485c5c6536f8c498465b85ff9433d33553ae860/Aebel-Shajan/Free-Code-Camp---Responsive-Web-Design-Course
2023-11-23,8,Free-Code-Camp---Responsive-Web-Design-Course,https://github.com/Aebel-Shajan/Free-Code-Camp---Responsive-Web-Design-Course,https://opengraph.githubassets.com/887ad43de7168d6cf17d31d41485c5c6536f8c498465b85ff9433d33553ae860/Aebel-Shajan/Free-Code-Camp---Responsive-Web-Design-Course
2023-11-22,6,Free-Code-Camp---Responsive-Web-Design-Course,https://github.com/Aebel-Shajan/Free-Code-Camp---Responsive-Web-Design-Course,https://opengraph.githubassets.com/887ad43de7168d6cf17d31d41485c5c6536f8c498465b85ff9433d33553ae860/Aebel-Shajan/Free-Code-Camp---Responsive-Web-Design-Course
2023-12-31,4,subway_surfers_screen_reader,https://github.com/Aebel-Shajan/subway_surfers_screen_reader,https://opengraph.githubassets.com/7d84ac497d5fe78f12b8a042a6ef58ea1b289f5d3426609ff13c479a8a3e62a2/Aebel-Shajan/subway_surfers_screen_reader
2023-12-30,3,subway_surfers_screen_reader,https://github.com/Aebel-Shajan/subway_surfers_screen_reader,https://opengraph.githubassets.com/7d84ac497d5fe78f12b8a042a6ef58ea1b289f5d3426609ff13c479a8a3e62a2/Aebel-Shajan/subway_surfers_screen_reader
2023-12-29,9,subway_surfers_screen_reader,https://github.com/Aebel-Shajan/subway_surfers_screen_reader,https://opengraph.githubassets.com/7d84ac497d5fe78f12b8a042a6ef58ea1b289f5d3426609ff13c479a8a3e62a2/Aebel-Shajan/subway_surfers_screen_reader
2023-12-28,6,subway_surfers_screen_reader,https://github.com/Aebel-Shajan/subway_surfers_screen_reader,https://opengraph.githubassets.com/7d84ac497d5fe78f12b8a042a6ef58ea1b289f5d3426609ff13c479a8a3e62a2/Aebel-Shajan/subway_surfers_screen_reader
2023-12-27,1,subway_surfers_screen_reader,https://github.com/Aebel-Shajan/subway_surfers_screen_reader,https://opengraph.githubassets.com/7d84ac497d5fe78f12b8a042a6ef58ea1b289f5d3426609ff13c479a8a3e62a2/Aebel-Shajan/subway_surfers_screen_reader
2023-12-26,1,Aebel-Shajan.github.io,https://github.com/Aebel-Shajan/Aebel-Shajan.github.io,https://repository-images.githubusercontent.com/612354828/f57d1870-7dd3-4f9d-bdf6-c29086cb599b
2023-11-09,2,Aebel-Shajan.github.io,https://github.com/Aebel-Shajan/Aebel-Shajan.github.io,https://repository-images.githubusercontent.com/612354828/f57d1870-7dd3-4f9d-bdf6-c29086cb599b
2023-10-17,1,Aebel-Shajan.github.io,https://github.com/Aebel-Shajan/Aebel-Shajan.github.io,https://repository-images.githubusercontent.com/612354828/f57d1870-7dd3-4f9d-bdf6-c29086cb599b
2023-10-15,1,Aebel-Shajan.github.io,https://github.com/Aebel-Shajan/Aebel-Shajan.github.io,https://repository-images.githubusercontent.com/612354828/f57d1870-7dd3-4f9d-bdf6-c29086cb599b
2023-10-05,1,Aebel-Shajan.github.io,https://github.com/Aebel-Shajan/Aebel-Shajan.github.io,https://repository-images.githubusercontent.com/612354828/f57d1870-7dd3-4f9d-bdf6-c29086cb599b
2023-03-15,2,Aebel-Shajan.github.io,https://github.com/Aebel-Shajan/Aebel-Shajan.github.io,https://repository-images.githubusercontent.com/612354828/f57d1870-7dd3-4f9d-bdf6-c29086cb599b
2023-03-10,5,Aebel-Shajan.github.io,https://github.com/Aebel-Shajan/Aebel-Shajan.github.io,https://repository-images.githubusercontent.com/612354828/f57d1870-7dd3-4f9d-bdf6-c29086cb599b
2023-12-01,7,React-Todo-List,https://github.com/Aebel-Shajan/React-Todo-List,https://opengraph.githubassets.com/3846f626aea1c1a428d6e93e24e38d03045f00e00e09a026dc2c929f5bc9bb88/Aebel-Shajan/React-Todo-List
2023-12-08,4,React-Redux-Drum-Machine,https://github.com/Aebel-Shajan/React-Redux-Drum-Machine,https://opengraph.githubassets.com/a0130525011203d6f8748d642d706c24cfa8089af36c1f5229b7e87cf636c4f4/Aebel-Shajan/React-Redux-Drum-Machine
2023-12-04,2,React-Redux-Drum-Machine,https://github.com/Aebel-Shajan/React-Redux-Drum-Machine,https://opengraph.githubassets.com/a0130525011203d6f8748d642d706c24cfa8089af36c1f5229b7e87cf636c4f4/Aebel-Shajan/React-Redux-Drum-Machine
2023-05-02,4,pagerank-application,https://github.com/Aebel-Shajan/pagerank-application,https://opengraph.githubassets.com/ae0c9a83c0bb80ee029b8078fa0c7315e5cdf9ccead31d5881173dbe5cfdb8d6/Aebel-Shajan/pagerank-application
2023-04-25,1,pagerank-application,https://github.com/Aebel-Shajan/pagerank-application,https://opengraph.githubassets.com/ae0c9a83c0bb80ee029b8078fa0c7315e5cdf9ccead31d5881173dbe5cfdb8d6/Aebel-Shajan/pagerank-application
2023-04-17,1,pagerank-application,https://github.com/Aebel-Shajan/pagerank-application,https://opengraph.githubassets.com/ae0c9a83c0bb80ee029b8078fa0c7315e5cdf9ccead31d5881173dbe5cfdb8d6/Aebel-Shajan/pagerank-application
2023-12-04,3,React-Redux-Markdown-Preview,https://github.com/Aebel-Shajan/React-Redux-Markdown-Preview,https://opengraph.githubassets.com/15f338c90a9435080dd76eab009a40f4a1f1e5abfa4555f21537401054046df0/Aebel-Shajan/React-Redux-Markdown-Preview
2023-12-03,2,React-Redux-Markdown-Preview,https://github.com/Aebel-Shajan/React-Redux-Markdown-Preview,https://opengraph.githubassets.com/15f338c90a9435080dd76eab009a40f4a1f1e5abfa4555f21537401054046df0/Aebel-Shajan/React-Redux-Markdown-Preview
2023-07-22,5,Peptide_GCN,https://github.com/Aebel-Shajan/Peptide_GCN,https://opengraph.githubassets.com/a5f6c9e0002530bca9d759edd7b3cc652fe0b5c0744976862d7ebf520b122beb/Aebel-Shajan/Peptide_GCN
2023-12-11,2,javascript-calculator,https://github.com/Aebel-Shajan/javascript-calculator,https://opengraph.githubassets.com/25249b88a319b3798faa25522ad8e707c69b8de8a6366be731d511f07d3eab43/Aebel-Shajan/javascript-calculator
2023-12-08,2,javascript-calculator,https://github.com/Aebel-Shajan/javascript-calculator,https://opengraph.githubassets.com/25249b88a319b3798faa25522ad8e707c69b8de8a6366be731d511f07d3eab43/Aebel-Shajan/javascript-calculator
2023-11-09,2,Quantum-Circuits,https://github.com/Aebel-Shajan/Quantum-Circuits,https://opengraph.githubassets.com/66c5df5265f4038bbdfd909aaf09404c58b42796006cb3d5e40ead6fec581b54/Aebel-Shajan/Quantum-Circuits
2023-11-28,1,Driftin-Deliveries,https://github.com/Aebel-Shajan/Driftin-Deliveries,https://opengraph.githubassets.com/d477b178d3a2778d65934ba61d843e55bfb3446b9ea23c321ad81c8f831cead7/Aebel-Shajan/Driftin-Deliveries
2024-10-24,14,scroll-minimap-for-chatgpt,https://github.com/Aebel-Shajan/scroll-minimap-for-chatgpt,https://opengraph.githubassets.com/3459dd23e1665f1128694f2d3360a4ec6542094270b9f47f46fa2ca8f6698a9e/Aebel-Shajan/scroll-minimap-for-chatgpt
2024-10-23,23,scroll-minimap-for-chatgpt,https://github.com/Aebel-Shajan/scroll-minimap-for-chatgpt,https://opengraph.githubassets.com/3459dd23e1665f1128694f2d3360a4ec6542094270b9f47f46fa2ca8f6698a9e/Aebel-Shajan/scroll-minimap-for-chatgpt
2024-10-22,10,scroll-minimap-for-chatgpt,https://github.com/Aebel-Shajan/scroll-minimap-for-chatgpt,https://opengraph.githubassets.com/3459dd23e1665f1128694f2d3360a4ec6542094270b9f47f46fa2ca8f6698a9e/Aebel-Shajan/scroll-minimap-for-chatgpt
2024-10-21,8,scroll-minimap-for-chatgpt,https://github.com/Aebel-Shajan/scroll-minimap-for-chatgpt,https://opengraph.githubassets.com/3459dd23e1665f1128694f2d3360a4ec6542094270b9f47f46fa2ca8f6698a9e/Aebel-Shajan/scroll-minimap-for-chatgpt
2024-10-20,7,scroll-minimap-for-chatgpt,https://github.com/Aebel-Shajan/scroll-minimap-for-chatgpt,https://opengraph.githubassets.com/3459dd23e1665f1128694f2d3360a4ec6542094270b9f47f46fa2ca8f6698a9e/Aebel-Shajan/scroll-minimap-for-chatgpt
2024-10-19,4,scroll-minimap-for-chatgpt,https://github.com/Aebel-Shajan/scroll-minimap-for-chatgpt,https://opengraph.githubassets.com/3459dd23e1665f1128694f2d3360a4ec6542094270b9f47f46fa2ca8f6698a9e/Aebel-Shajan/scroll-minimap-for-chatgpt
2024-10-18,2,scroll-minimap-for-chatgpt,https://github.com/Aebel-Shajan/scroll-minimap-for-chatgpt,https://opengraph.githubassets.com/3459dd23e1665f1128694f2d3360a4ec6542094270b9f47f46fa2ca8f6698a9e/Aebel-Shajan/scroll-minimap-for-chatgpt
2024-10-11,2,scroll-minimap-for-chatgpt,https://github.com/Aebel-Shajan/scroll-minimap-for-chatgpt,https://opengraph.githubassets.com/3459dd23e1665f1128694f2d3360a4ec6542094270b9f47f46fa2ca8f6698a9e/Aebel-Shajan/scroll-minimap-for-chatgpt
2024-10-10,7,scroll-minimap-for-chatgpt,https://github.com/Aebel-Shajan/scroll-minimap-for-chatgpt,https://opengraph.githubassets.com/3459dd23e1665f1128694f2d3360a4ec6542094270b9f47f46fa2ca8f6698a9e/Aebel-Shajan/scroll-minimap-for-chatgpt
2024-10-07,3,scroll-minimap-for-chatgpt,https://github.com/Aebel-Shajan/scroll-minimap-for-chatgpt,https://opengraph.githubassets.com/3459dd23e1665f1128694f2d3360a4ec6542094270b9f47f46fa2ca8f6698a9e/Aebel-Shajan/scroll-minimap-for-chatgpt
2024-10-06,14,scroll-minimap-for-chatgpt,https://github.com/Aebel-Shajan/scroll-minimap-for-chatgpt,https://opengraph.githubassets.com/3459dd23e1665f1128694f2d3360a4ec6542094270b9f47f46fa2ca8f6698a9e/Aebel-Shajan/scroll-minimap-for-chatgpt
2024-10-05,10,scroll-minimap-for-chatgpt,https://github.com/Aebel-Shajan/scroll-minimap-for-chatgpt,https://opengraph.githubassets.com/3459dd23e1665f1128694f2d3360a4ec6542094270b9f47f46fa2ca8f6698a9e/Aebel-Shajan/scroll-minimap-for-chatgpt
2024-10-04,5,scroll-minimap-for-chatgpt,https://github.com/Aebel-Shajan/scroll-minimap-for-chatgpt,https://opengraph.githubassets.com/3459dd23e1665f1128694f2d3360a4ec6542094270b9f47f46fa2ca8f6698a9e/Aebel-Shajan/scroll-minimap-for-chatgpt
2024-10-03,6,scroll-minimap-for-chatgpt,https://github.com/Aebel-Shajan/scroll-minimap-for-chatgpt,https://opengraph.githubassets.com/3459dd23e1665f1128694f2d3360a4ec6542094270b9f47f46fa2ca8f6698a9e/Aebel-Shajan/scroll-minimap-for-chatgpt
2024-10-02,1,scroll-minimap-for-chatgpt,https://github.com/Aebel-Shajan/scroll-minimap-for-chatgpt,https://opengraph.githubassets.com/3459dd23e1665f1128694f2d3360a4ec6542094270b9f47f46fa2ca8f6698a9e/Aebel-Shajan/scroll-minimap-for-chatgpt
2024-10-01,1,scroll-minimap-for-chatgpt,https://github.com/Aebel-Shajan/scroll-minimap-for-chatgpt,https://opengraph.githubassets.com/3459dd23e1665f1128694f2d3360a4ec6542094270b9f47f46fa2ca8f6698a9e/Aebel-Shajan/scroll-minimap-for-chatgpt
2024-09-22,2,scroll-minimap-for-chatgpt,https://github.com/Aebel-Shajan/scroll-minimap-for-chatgpt,https://opengraph.githubassets.com/3459dd23e1665f1128694f2d3360a4ec6542094270b9f47f46fa2ca8f6698a9e/Aebel-Shajan/scroll-minimap-for-chatgpt
2024-07-25,1,scroll-minimap-for-chatgpt,https://github.com/Aebel-Shajan/scroll-minimap-for-chatgpt,https://opengraph.githubassets.com/3459dd23e1665f1128694f2d3360a4ec6542094270b9f47f46fa2ca8f6698a9e/Aebel-Shajan/scroll-minimap-for-chatgpt
2024-06-16,2,scroll-minimap-for-chatgpt,https://github.com/Aebel-Shajan/scroll-minimap-for-chatgpt,https://opengraph.githubassets.com/3459dd23e1665f1128694f2d3360a4ec6542094270b9f47f46fa2ca8f6698a9e/Aebel-Shajan/scroll-minimap-for-chatgpt
2024-06-06,1,scroll-minimap-for-chatgpt,https://github.com/Aebel-Shajan/scroll-minimap-for-chatgpt,https://opengraph.githubassets.com/3459dd23e1665f1128694f2d3360a4ec6542094270b9f47f46fa2ca8f6698a9e/Aebel-Shajan/scroll-minimap-for-chatgpt
2024-05-28,8,scroll-minimap-for-chatgpt,https://github.com/Aebel-Shajan/scroll-minimap-for-chatgpt,https://opengraph.githubassets.com/3459dd23e1665f1128694f2d3360a4ec6542094270b9f47f46fa2ca8f6698a9e/Aebel-Shajan/scroll-minimap-for-chatgpt
2024-05-27,29,scroll-minimap-for-chatgpt,https://github.com/Aebel-Shajan/scroll-minimap-for-chatgpt,https://opengraph.githubassets.com/3459dd23e1665f1128694f2d3360a4ec6542094270b9f47f46fa2ca8f6698a9e/Aebel-Shajan/scroll-minimap-for-chatgpt
2024-05-26,7,scroll-minimap-for-chatgpt,https://github.com/Aebel-Shajan/scroll-minimap-for-chatgpt,https://opengraph.githubassets.com/3459dd23e1665f1128694f2d3360a4ec6542094270b9f47f46fa2ca8f6698a9e/Aebel-Shajan/scroll-minimap-for-chatgpt
2024-05-25,1,scroll-minimap-for-chatgpt,https://github.com/Aebel-Shajan/scroll-minimap-for-chatgpt,https://opengraph.githubassets.com/3459dd23e1665f1128694f2d3360a4ec6542094270b9f47f46fa2ca8f6698a9e/Aebel-Shajan/scroll-minimap-for-chatgpt
2024-11-14,1,connect-cards,https://github.com/Aebel-Shajan/connect-cards,https://opengraph.githubassets.com/7efd8e0fb4ab5f27967ed5d875f5701a43d95ad28dba002841f6baa3d78df373/Aebel-Shajan/connect-cards
2024-08-24,2,connect-cards,https://github.com/Aebel-Shajan/connect-cards,https://opengraph.githubassets.com/7efd8e0fb4ab5f27967ed5d875f5701a43d95ad28dba002841f6baa3d78df373/Aebel-Shajan/connect-cards
2024-08-22,4,connect-cards,https://github.com/Aebel-Shajan/connect-cards,https://opengraph.githubassets.com/7efd8e0fb4ab5f27967ed5d875f5701a43d95ad28dba002841f6baa3d78df373/Aebel-Shajan/connect-cards
2024-08-21,10,connect-cards,https://github.com/Aebel-Shajan/connect-cards,https://opengraph.githubassets.com/7efd8e0fb4ab5f27967ed5d875f5701a43d95ad28dba002841f6baa3d78df373/Aebel-Shajan/connect-cards
2024-08-19,12,connect-cards,https://github.com/Aebel-Shajan/connect-cards,https://opengraph.githubassets.com/7efd8e0fb4ab5f27967ed5d875f5701a43d95ad28dba002841f6baa3d78df373/Aebel-Shajan/connect-cards
2024-08-18,18,connect-cards,https://github.com/Aebel-Shajan/connect-cards,https://opengraph.githubassets.com/7efd8e0fb4ab5f27967ed5d875f5701a43d95ad28dba002841f6baa3d78df373/Aebel-Shajan/connect-cards
2024-08-17,2,connect-cards,https://github.com/Aebel-Shajan/connect-cards,https://opengraph.githubassets.com/7efd8e0fb4ab5f27967ed5d875f5701a43d95ad28dba002841f6baa3d78df373/Aebel-Shajan/connect-cards
2024-08-16,14,connect-cards,https://github.com/Aebel-Shajan/connect-cards,https://opengraph.githubassets.com/7efd8e0fb4ab5f27967ed5d875f5701a43d95ad28dba002841f6baa3d78df373/Aebel-Shajan/connect-cards
2024-08-15,7,connect-cards,https://github.com/Aebel-Shajan/connect-cards,https://opengraph.githubassets.com/7efd8e0fb4ab5f27967ed5d875f5701a43d95ad28dba002841f6baa3d78df373/Aebel-Shajan/connect-cards
2024-08-13,1,connect-cards,https://github.com/Aebel-Shajan/connect-cards,https://opengraph.githubassets.com/7efd8e0fb4ab5f27967ed5d875f5701a43d95ad28dba002841f6baa3d78df373/Aebel-Shajan/connect-cards
2024-08-12,11,connect-cards,https://github.com/Aebel-Shajan/connect-cards,https://opengraph.githubassets.com/7efd8e0fb4ab5f27967ed5d875f5701a43d95ad28dba002841f6baa3d78df373/Aebel-Shajan/connect-cards
2024-08-11,8,connect-cards,https://github.com/Aebel-Shajan/connect-cards,https://opengraph.githubassets.com/7efd8e0fb4ab5f27967ed5d875f5701a43d95ad28dba002841f6baa3d78df373/Aebel-Shajan/connect-cards
2024-08-10,8,connect-cards,https://github.com/Aebel-Shajan/connect-cards,https://opengraph.githubassets.com/7efd8e0fb4ab5f27967ed5d875f5701a43d95ad28dba002841f6baa3d78df373/Aebel-Shajan/connect-cards
2024-08-09,4,connect-cards,https://github.com/Aebel-Shajan/connect-cards,https://opengraph.githubassets.com/7efd8e0fb4ab5f27967ed5d875f5701a43d95ad28dba002841f6baa3d78df373/Aebel-Shajan/connect-cards
2024-08-08,6,connect-cards,https://github.com/Aebel-Shajan/connect-cards,https://opengraph.githubassets.com/7efd8e0fb4ab5f27967ed5d875f5701a43d95ad28dba002841f6baa3d78df373/Aebel-Shajan/connect-cards
2024-08-07,1,connect-cards,https://github.com/Aebel-Shajan/connect-cards,https://opengraph.githubassets.com/7efd8e0fb4ab5f27967ed5d875f5701a43d95ad28dba002841f6baa3d78df373/Aebel-Shajan/connect-cards
2024-08-06,11,connect-cards,https://github.com/Aebel-Shajan/connect-cards,https://opengraph.githubassets.com/7efd8e0fb4ab5f27967ed5d875f5701a43d95ad28dba002841f6baa3d78df373/Aebel-Shajan/connect-cards
2024-08-05,6,connect-cards,https://github.com/Aebel-Shajan/connect-cards,https://opengraph.githubassets.com/7efd8e0fb4ab5f27967ed5d875f5701a43d95ad28dba002841f6baa3d78df373/Aebel-Shajan/connect-cards
2024-08-03,11,connect-cards,https://github.com/Aebel-Shajan/connect-cards,https://opengraph.githubassets.com/7efd8e0fb4ab5f27967ed5d875f5701a43d95ad28dba002841f6baa3d78df373/Aebel-Shajan/connect-cards
2024-08-02,13,connect-cards,https://github.com/Aebel-Shajan/connect-cards,https://opengraph.githubassets.com/7efd8e0fb4ab5f27967ed5d875f5701a43d95ad28dba002841f6baa3d78df373/Aebel-Shajan/connect-cards
2024-08-01,4,connect-cards,https://github.com/Aebel-Shajan/connect-cards,https://opengraph.githubassets.com/7efd8e0fb4ab5f27967ed5d875f5701a43d95ad28dba002841f6baa3d78df373/Aebel-Shajan/connect-cards
2024-07-31,8,connect-cards,https://github.com/Aebel-Shajan/connect-cards,https://opengraph.githubassets.com/7efd8e0fb4ab5f27967ed5d875f5701a43d95ad28dba002841f6baa3d78df373/Aebel-Shajan/connect-cards
2024-07-30,1,connect-cards,https://github.com/Aebel-Shajan/connect-cards,https://opengraph.githubassets.com/7efd8e0fb4ab5f27967ed5d875f5701a43d95ad28dba002841f6baa3d78df373/Aebel-Shajan/connect-cards
2024-08-25,2,Driftin-Deliveries,https://github.com/Aebel-Shajan/Driftin-Deliveries,https://opengraph.githubassets.com/d477b178d3a2778d65934ba61d843e55bfb3446b9ea23c321ad81c8f831cead7/Aebel-Shajan/Driftin-Deliveries
2024-07-25,2,Driftin-Deliveries,https://github.com/Aebel-Shajan/Driftin-Deliveries,https://opengraph.githubassets.com/d477b178d3a2778d65934ba61d843e55bfb3446b9ea23c321ad81c8f831cead7/Aebel-Shajan/Driftin-Deliveries
2024-06-06,1,Driftin-Deliveries,https://github.com/Aebel-Shajan/Driftin-Deliveries,https://opengraph.githubassets.com/d477b178d3a2778d65934ba61d843e55bfb3446b9ea23c321ad81c8f831cead7/Aebel-Shajan/Driftin-Deliveries
2024-02-24,18,Driftin-Deliveries,https://github.com/Aebel-Shajan/Driftin-Deliveries,https://opengraph.githubassets.com/d477b178d3a2778d65934ba61d843e55bfb3446b9ea23c321ad81c8f831cead7/Aebel-Shajan/Driftin-Deliveries
2024-02-22,2,Driftin-Deliveries,https://github.com/Aebel-Shajan/Driftin-Deliveries,https://opengraph.githubassets.com/d477b178d3a2778d65934ba61d843e55bfb3446b9ea23c321ad81c8f831cead7/Aebel-Shajan/Driftin-Deliveries
2024-02-21,14,Driftin-Deliveries,https://github.com/Aebel-Shajan/Driftin-Deliveries,https://opengraph.githubassets.com/d477b178d3a2778d65934ba61d843e55bfb3446b9ea23c321ad81c8f831cead7/Aebel-Shajan/Driftin-Deliveries
2024-02-18,11,Driftin-Deliveries,https://github.com/Aebel-Shajan/Driftin-Deliveries,https://opengraph.githubassets.com/d477b178d3a2778d65934ba61d843e55bfb3446b9ea23c321ad81c8f831cead7/Aebel-Shajan/Driftin-Deliveries
2024-02-17,8,Driftin-Deliveries,https://github.com/Aebel-Shajan/Driftin-Deliveries,https://opengraph.githubassets.com/d477b178d3a2778d65934ba61d843e55bfb3446b9ea23c321ad81c8f831cead7/Aebel-Shajan/Driftin-Deliveries
2024-02-16,12,Driftin-Deliveries,https://github.com/Aebel-Shajan/Driftin-Deliveries,https://opengraph.githubassets.com/d477b178d3a2778d65934ba61d843e55bfb3446b9ea23c321ad81c8f831cead7/Aebel-Shajan/Driftin-Deliveries
2024-02-15,20,Driftin-Deliveries,https://github.com/Aebel-Shajan/Driftin-Deliveries,https://opengraph.githubassets.com/d477b178d3a2778d65934ba61d843e55bfb3446b9ea23c321ad81c8f831cead7/Aebel-Shajan/Driftin-Deliveries
2024-02-14,9,Driftin-Deliveries,https://github.com/Aebel-Shajan/Driftin-Deliveries,https://opengraph.githubassets.com/d477b178d3a2778d65934ba61d843e55bfb3446b9ea23c321ad81c8f831cead7/Aebel-Shajan/Driftin-Deliveries
2024-02-13,14,Driftin-Deliveries,https://github.com/Aebel-Shajan/Driftin-Deliveries,https://opengraph.githubassets.com/d477b178d3a2778d65934ba61d843e55bfb3446b9ea23c321ad81c8f831cead7/Aebel-Shajan/Driftin-Deliveries
2024-02-12,11,Driftin-Deliveries,https://github.com/Aebel-Shajan/Driftin-Deliveries,https://opengraph.githubassets.com/d477b178d3a2778d65934ba61d843e55bfb3446b9ea23c321ad81c8f831cead7/Aebel-Shajan/Driftin-Deliveries
2024-02-11,19,Driftin-Deliveries,https://github.com/Aebel-Shajan/Driftin-Deliveries,https://opengraph.githubassets.com/d477b178d3a2778d65934ba61d843e55bfb3446b9ea23c321ad81c8f831cead7/Aebel-Shajan/Driftin-Deliveries
2024-02-08,4,Driftin-Deliveries,https://github.com/Aebel-Shajan/Driftin-Deliveries,https://opengraph.githubassets.com/d477b178d3a2778d65934ba61d843e55bfb3446b9ea23c321ad81c8f831cead7/Aebel-Shajan/Driftin-Deliveries
2024-02-07,1,Driftin-Deliveries,https://github.com/Aebel-Shajan/Driftin-Deliveries,https://opengraph.githubassets.com/d477b178d3a2778d65934ba61d843e55bfb3446b9ea23c321ad81c8f831cead7/Aebel-Shajan/Driftin-Deliveries
2024-02-06,5,Driftin-Deliveries,https://github.com/Aebel-Shajan/Driftin-Deliveries,https://opengraph.githubassets.com/d477b178d3a2778d65934ba61d843e55bfb3446b9ea23c321ad81c8f831cead7/Aebel-Shajan/Driftin-Deliveries
2024-02-05,3,Driftin-Deliveries,https://github.com/Aebel-Shajan/Driftin-Deliveries,https://opengraph.githubassets.com/d477b178d3a2778d65934ba61d843e55bfb3446b9ea23c321ad81c8f831cead7/Aebel-Shajan/Driftin-Deliveries
2024-02-04,3,Driftin-Deliveries,https://github.com/Aebel-Shajan/Driftin-Deliveries,https://opengraph.githubassets.com/d477b178d3a2778d65934ba61d843e55bfb3446b9ea23c321ad81c8f831cead7/Aebel-Shajan/Driftin-Deliveries
2024-11-04,1,subway_surfers_screen_reader,https://github.com/Aebel-Shajan/subway_surfers_screen_reader,https://opengraph.githubassets.com/7d84ac497d5fe78f12b8a042a6ef58ea1b289f5d3426609ff13c479a8a3e62a2/Aebel-Shajan/subway_surfers_screen_reader
2024-11-02,9,subway_surfers_screen_reader,https://github.com/Aebel-Shajan/subway_surfers_screen_reader,https://opengraph.githubassets.com/7d84ac497d5fe78f12b8a042a6ef58ea1b289f5d3426609ff13c479a8a3e62a2/Aebel-Shajan/subway_surfers_screen_reader
2024-11-01,4,subway_surfers_screen_reader,https://github.com/Aebel-Shajan/subway_surfers_screen_reader,https://opengraph.githubassets.com/7d84ac497d5fe78f12b8a042a6ef58ea1b289f5d3426609ff13c479a8a3e62a2/Aebel-Shajan/subway_surfers_screen_reader
2024-10-31,3,subway_surfers_screen_reader,https://github.com/Aebel-Shajan/subway_surfers_screen_reader,https://opengraph.githubassets.com/7d84ac497d5fe78f12b8a042a6ef58ea1b289f5d3426609ff13c479a8a3e62a2/Aebel-Shajan/subway_surfers_screen_reader
2024-10-30,12,subway_surfers_screen_reader,https://github.com/Aebel-Shajan/subway_surfers_screen_reader,https://opengraph.githubassets.com/7d84ac497d5fe78f12b8a042a6ef58ea1b289f5d3426609ff13c479a8a3e62a2/Aebel-Shajan/subway_surfers_screen_reader
2024-10-29,20,subway_surfers_screen_reader,https://github.com/Aebel-Shajan/subway_surfers_screen_reader,https://opengraph.githubassets.com/7d84ac497d5fe78f12b8a042a6ef58ea1b289f5d3426609ff13c479a8a3e62a2/Aebel-Shajan/subway_surfers_screen_reader
2024-10-28,17,subway_surfers_screen_reader,https://github.com/Aebel-Shajan/subway_surfers_screen_reader,https://opengraph.githubassets.com/7d84ac497d5fe78f12b8a042a6ef58ea1b289f5d3426609ff13c479a8a3e62a2/Aebel-Shajan/subway_surfers_screen_reader
2024-10-27,12,subway_surfers_screen_reader,https://github.com/Aebel-Shajan/subway_surfers_screen_reader,https://opengraph.githubassets.com/7d84ac497d5fe78f12b8a042a6ef58ea1b289f5d3426609ff13c479a8a3e62a2/Aebel-Shajan/subway_surfers_screen_reader
2024-10-26,2,subway_surfers_screen_reader,https://github.com/Aebel-Shajan/subway_surfers_screen_reader,https://opengraph.githubassets.com/7d84ac497d5fe78f12b8a042a6ef58ea1b289f5d3426609ff13c479a8a3e62a2/Aebel-Shajan/subway_surfers_screen_reader
2024-08-25,1,subway_surfers_screen_reader,https://github.com/Aebel-Shajan/subway_surfers_screen_reader,https://opengraph.githubassets.com/7d84ac497d5fe78f12b8a042a6ef58ea1b289f5d3426609ff13c479a8a3e62a2/Aebel-Shajan/subway_surfers_screen_reader
2024-07-25,2,subway_surfers_screen_reader,https://github.com/Aebel-Shajan/subway_surfers_screen_reader,https://opengraph.githubassets.com/7d84ac497d5fe78f12b8a042a6ef58ea1b289f5d3426609ff13c479a8a3e62a2/Aebel-Shajan/subway_surfers_screen_reader
2024-03-30,3,subway_surfers_screen_reader,https://github.com/Aebel-Shajan/subway_surfers_screen_reader,https://opengraph.githubassets.com/7d84ac497d5fe78f12b8a042a6ef58ea1b289f5d3426609ff13c479a8a3e62a2/Aebel-Shajan/subway_surfers_screen_reader
2024-01-14,1,subway_surfers_screen_reader,https://github.com/Aebel-Shajan/subway_surfers_screen_reader,https://opengraph.githubassets.com/7d84ac497d5fe78f12b8a042a6ef58ea1b289f5d3426609ff13c479a8a3e62a2/Aebel-Shajan/subway_surfers_screen_reader
2024-01-09,3,subway_surfers_screen_reader,https://github.com/Aebel-Shajan/subway_surfers_screen_reader,https://opengraph.githubassets.com/7d84ac497d5fe78f12b8a042a6ef58ea1b289f5d3426609ff13c479a8a3e62a2/Aebel-Shajan/subway_surfers_screen_reader
2024-01-07,6,subway_surfers_screen_reader,https://github.com/Aebel-Shajan/subway_surfers_screen_reader,https://opengraph.githubassets.com/7d84ac497d5fe78f12b8a042a6ef58ea1b289f5d3426609ff13c479a8a3e62a2/Aebel-Shajan/subway_surfers_screen_reader
2024-01-05,1,subway_surfers_screen_reader,https://github.com/Aebel-Shajan/subway_surfers_screen_reader,https://opengraph.githubassets.com/7d84ac497d5fe78f12b8a042a6ef58ea1b289f5d3426609ff13c479a8a3e62a2/Aebel-Shajan/subway_surfers_screen_reader
2024-04-18,14,Capstone_Project,https://github.com/Jean-005/Capstone_Project,https://opengraph.githubassets.com/2b22e73df3f298682c17b9546eda373b6e5312d3b6406aad34b7a320591149db/Jean-005/Capstone_Project
2024-04-17,25,Capstone_Project,https://github.com/Jean-005/Capstone_Project,https://opengraph.githubassets.com/2b22e73df3f298682c17b9546eda373b6e5312d3b6406aad34b7a320591149db/Jean-005/Capstone_Project
2024-04-16,18,Capstone_Project,https://github.com/Jean-005/Capstone_Project,https://opengraph.githubassets.com/2b22e73df3f298682c17b9546eda373b6e5312d3b6406aad34b7a320591149db/Jean-005/Capstone_Project
2024-04-15,9,Capstone_Project,https://github.com/Jean-005/Capstone_Project,https://opengraph.githubassets.com/2b22e73df3f298682c17b9546eda373b6e5312d3b6406aad34b7a320591149db/Jean-005/Capstone_Project
2024-04-12,2,Capstone_Project,https://github.com/Jean-005/Capstone_Project,https://opengraph.githubassets.com/2b22e73df3f298682c17b9546eda373b6e5312d3b6406aad34b7a320591149db/Jean-005/Capstone_Project
2024-04-11,4,Capstone_Project,https://github.com/Jean-005/Capstone_Project,https://opengraph.githubassets.com/2b22e73df3f298682c17b9546eda373b6e5312d3b6406aad34b7a320591149db/Jean-005/Capstone_Project
2024-04-10,18,Capstone_Project,https://github.com/Jean-005/Capstone_Project,https://opengraph.githubassets.com/2b22e73df3f298682c17b9546eda373b6e5312d3b6406aad34b7a320591149db/Jean-005/Capstone_Project
2024-12-31,10,year-in-data,https://github.com/Aebel-Shajan/year-in-data,https://repository-images.githubusercontent.com/903916918/0f47237c-abc5-45c3-ad78-abcca7206b0a
2024-12-29,4,year-in-data,https://github.com/Aebel-Shajan/year-in-data,https://repository-images.githubusercontent.com/903916918/0f47237c-abc5-45c3-ad78-abcca7206b0a
2024-12-24,2,year-in-data,https://github.com/Aebel-Shajan/year-in-data,https://repository-images.githubusercontent.com/903916918/0f47237c-abc5-45c3-ad78-abcca7206b0a
2024-12-23,4,year-in-data,https://github.com/Aebel-Shajan/year-in-data,https://repository-images.githubusercontent.com/903916918/0f47237c-abc5-45c3-ad78-abcca7206b0a
2024-12-22,15,year-in-data,https://github.com/Aebel-Shajan/year-in-data,https://repository-images.githubusercontent.com/903916918/0f47237c-abc5-45c3-ad78-abcca7206b0a
2024-12-21,3,year-in-data,https://github.com/Aebel-Shajan/year-in-data,https://repository-images.githubusercontent.com/903916918/0f47237c-abc5-45c3-ad78-abcca7206b0a
2024-12-20,12,year-in-data,https://github.com/Aebel-Shajan/year-in-data,https://repository-images.githubusercontent.com/903916918/0f47237c-abc5-45c3-ad78-abcca7206b0a
2024-12-19,14,year-in-data,https://github.com/Aebel-Shajan/year-in-data,https://repository-images.githubusercontent.com/903916918/0f47237c-abc5-45c3-ad78-abcca7206b0a
2024-12-18,10,year-in-data,https://github.com/Aebel-Shajan/year-in-data,https://repository-images.githubusercontent.com/903916918/0f47237c-abc5-45c3-ad78-abcca7206b0a
2024-12-17,5,year-in-data,https://github.com/Aebel-Shajan/year-in-data,https://repository-images.githubusercontent.com/903916918/0f47237c-abc5-45c3-ad78-abcca7206b0a
2024-12-15,8,year-in-data,https://github.com/Aebel-Shajan/year-in-data,https://repository-images.githubusercontent.com/903916918/0f47237c-abc5-45c3-ad78-abcca7206b0a
2024-08-25,1,Aebel-Shajan.github.io,https://github.com/Aebel-Shajan/Aebel-Shajan.github.io,https://repository-images.githubusercontent.com/612354828/f57d1870-7dd3-4f9d-bdf6-c29086cb599b
2024-08-18,2,Aebel-Shajan.github.io,https://github.com/Aebel-Shajan/Aebel-Shajan.github.io,https://repository-images.githubusercontent.com/612354828/f57d1870-7dd3-4f9d-bdf6-c29086cb599b
2024-07-30,5,Aebel-Shajan.github.io,https://github.com/Aebel-Shajan/Aebel-Shajan.github.io,https://repository-images.githubusercontent.com/612354828/f57d1870-7dd3-4f9d-bdf6-c29086cb599b
2024-07-29,2,Aebel-Shajan.github.io,https://github.com/Aebel-Shajan/Aebel-Shajan.github.io,https://repository-images.githubusercontent.com/612354828/f57d1870-7dd3-4f9d-bdf6-c29086cb599b
2024-07-26,12,Aebel-Shajan.github.io,https://github.com/Aebel-Shajan/Aebel-Shajan.github.io,https://repository-images.githubusercontent.com/612354828/f57d1870-7dd3-4f9d-bdf6-c29086cb599b
2024-07-25,10,Aebel-Shajan.github.io,https://github.com/Aebel-Shajan/Aebel-Shajan.github.io,https://repository-images.githubusercontent.com/612354828/f57d1870-7dd3-4f9d-bdf6-c29086cb599b
2024-07-24,6,Aebel-Shajan.github.io,https://github.com/Aebel-Shajan/Aebel-Shajan.github.io,https://repository-images.githubusercontent.com/612354828/f57d1870-7dd3-4f9d-bdf6-c29086cb599b
2024-07-23,1,Aebel-Shajan.github.io,https://github.com/Aebel-Shajan/Aebel-Shajan.github.io,https://repository-images.githubusercontent.com/612354828/f57d1870-7dd3-4f9d-bdf6-c29086cb599b
2024-07-22,4,Aebel-Shajan.github.io,https://github.com/Aebel-Shajan/Aebel-Shajan.github.io,https://repository-images.githubusercontent.com/612354828/f57d1870-7dd3-4f9d-bdf6-c29086cb599b
2024-07-21,7,Aebel-Shajan.github.io,https://github.com/Aebel-Shajan/Aebel-Shajan.github.io,https://repository-images.githubusercontent.com/612354828/f57d1870-7dd3-4f9d-bdf6-c29086cb599b
2024-06-16,1,Aebel-Shajan.github.io,https://github.com/Aebel-Shajan/Aebel-Shajan.github.io,https://repository-images.githubusercontent.com/612354828/f57d1870-7dd3-4f9d-bdf6-c29086cb599b
2024-03-01,3,Aebel-Shajan.github.io,https://github.com/Aebel-Shajan/Aebel-Shajan.github.io,https://repository-images.githubusercontent.com/612354828/f57d1870-7dd3-4f9d-bdf6-c29086cb599b
2024-02-12,1,Aebel-Shajan.github.io,https://github.com/Aebel-Shajan/Aebel-Shajan.github.io,https://repository-images.githubusercontent.com/612354828/f57d1870-7dd3-4f9d-bdf6-c29086cb599b
2024-02-04,2,Aebel-Shajan.github.io,https://github.com/Aebel-Shajan/Aebel-Shajan.github.io,https://repository-images.githubusercontent.com/612354828/f57d1870-7dd3-4f9d-bdf6-c29086cb599b
2024-02-03,6,Aebel-Shajan.github.io,https://github.com/Aebel-Shajan/Aebel-Shajan.github.io,https://repository-images.githubusercontent.com/612354828/f57d1870-7dd3-4f9d-bdf6-c29086cb599b
2024-02-01,1,Aebel-Shajan.github.io,https://github.com/Aebel-Shajan/Aebel-Shajan.github.io,https://repository-images.githubusercontent.com/612354828/f57d1870-7dd3-4f9d-bdf6-c29086cb599b
2024-01-14,2,Aebel-Shajan.github.io,https://github.com/Aebel-Shajan/Aebel-Shajan.github.io,https://repository-images.githubusercontent.com/612354828/f57d1870-7dd3-4f9d-bdf6-c29086cb599b
2024-01-13,4,Aebel-Shajan.github.io,https://github.com/Aebel-Shajan/Aebel-Shajan.github.io,https://repository-images.githubusercontent.com/612354828/f57d1870-7dd3-4f9d-bdf6-c29086cb599b
2024-01-12,1,Aebel-Shajan.github.io,https://github.com/Aebel-Shajan/Aebel-Shajan.github.io,https://repository-images.githubusercontent.com/612354828/f57d1870-7dd3-4f9d-bdf6-c29086cb599b
2024-01-11,8,Aebel-Shajan.github.io,https://github.com/Aebel-Shajan/Aebel-Shajan.github.io,https://repository-images.githubusercontent.com/612354828/f57d1870-7dd3-4f9d-bdf6-c29086cb599b
2024-09-28,11,gitmon-card-generator,https://github.com/Aebel-Shajan/gitmon-card-generator,https://opengraph.githubassets.com/734400a65ad41c7c8fa82ea7030b25f4ac9770aaefd3178a7f3dce03a1eae4f6/Aebel-Shajan/gitmon-card-generator
2024-09-19,4,gitmon-card-generator,https://github.com/Aebel-Shajan/gitmon-card-generator,https://opengraph.githubassets.com/734400a65ad41c7c8fa82ea7030b25f4ac9770aaefd3178a7f3dce03a1eae4f6/Aebel-Shajan/gitmon-card-generator
2024-09-15,12,gitmon-card-generator,https://github.com/Aebel-Shajan/gitmon-card-generator,https://opengraph.githubassets.com/734400a65ad41c7c8fa82ea7030b25f4ac9770aaefd3178a7f3dce03a1eae4f6/Aebel-Shajan/gitmon-card-generator
2024-09-14,8,gitmon-card-generator,https://github.com/Aebel-Shajan/gitmon-card-generator,https://opengraph.githubassets.com/734400a65ad41c7c8fa82ea7030b25f4ac9770aaefd3178a7f3dce03a1eae4f6/Aebel-Shajan/gitmon-card-generator
2024-09-13,4,gitmon-card-generator,https://github.com/Aebel-Shajan/gitmon-card-generator,https://opengraph.githubassets.com/734400a65ad41c7c8fa82ea7030b25f4ac9770aaefd3178a7f3dce03a1eae4f6/Aebel-Shajan/gitmon-card-generator
2024-09-12,4,gitmon-card-generator,https://github.com/Aebel-Shajan/gitmon-card-generator,https://opengraph.githubassets.com/734400a65ad41c7c8fa82ea7030b25f4ac9770aaefd3178a7f3dce03a1eae4f6/Aebel-Shajan/gitmon-card-generator
2024-09-09,1,gitmon-card-generator,https://github.com/Aebel-Shajan/gitmon-card-generator,https://opengraph.githubassets.com/734400a65ad41c7c8fa82ea7030b25f4ac9770aaefd3178a7f3dce03a1eae4f6/Aebel-Shajan/gitmon-card-generator
2024-09-08,14,gitmon-card-generator,https://github.com/Aebel-Shajan/gitmon-card-generator,https://opengraph.githubassets.com/734400a65ad41c7c8fa82ea7030b25f4ac9770aaefd3178a7f3dce03a1eae4f6/Aebel-Shajan/gitmon-card-generator
2024-09-07,9,gitmon-card-generator,https://github.com/Aebel-Shajan/gitmon-card-generator,https://opengraph.githubassets.com/734400a65ad41c7c8fa82ea7030b25f4ac9770aaefd3178a7f3dce03a1eae4f6/Aebel-Shajan/gitmon-card-generator
2024-06-19,8,gym-data-analysis,https://github.com/Aebel-Shajan/gym-data-analysis,https://opengraph.githubassets.com/ebe3e78bb66496a519f888abe426cc9282dac1948fc47ac06471674fdf080395/Aebel-Shajan/gym-data-analysis
2024-06-18,20,gym-data-analysis,https://github.com/Aebel-Shajan/gym-data-analysis,https://opengraph.githubassets.com/ebe3e78bb66496a519f888abe426cc9282dac1948fc47ac06471674fdf080395/Aebel-Shajan/gym-data-analysis
2024-06-17,4,gym-data-analysis,https://github.com/Aebel-Shajan/gym-data-analysis,https://opengraph.githubassets.com/ebe3e78bb66496a519f888abe426cc9282dac1948fc47ac06471674fdf080395/Aebel-Shajan/gym-data-analysis
2024-06-16,5,gym-data-analysis,https://github.com/Aebel-Shajan/gym-data-analysis,https://opengraph.githubassets.com/ebe3e78bb66496a519f888abe426cc9282dac1948fc47ac06471674fdf080395/Aebel-Shajan/gym-data-analysis
2024-06-14,1,gym-data-analysis,https://github.com/Aebel-Shajan/gym-data-analysis,https://opengraph.githubassets.com/ebe3e78bb66496a519f888abe426cc9282dac1948fc47ac06471674fdf080395/Aebel-Shajan/gym-data-analysis
2024-06-12,3,gym-data-analysis,https://github.com/Aebel-Shajan/gym-data-analysis,https://opengraph.githubassets.com/ebe3e78bb66496a519f888abe426cc9282dac1948fc47ac06471674fdf080395/Aebel-Shajan/gym-data-analysis
2024-06-11,6,gym-data-analysis,https://github.com/Aebel-Shajan/gym-data-analysis,https://opengraph.githubassets.com/ebe3e78bb66496a519f888abe426cc9282dac1948fc47ac06471674fdf080395/Aebel-Shajan/gym-data-analysis
2024-06-09,1,gym-data-analysis,https://github.com/Aebel-Shajan/gym-data-analysis,https://opengraph.githubassets.com/ebe3e78bb66496a519f888abe426cc9282dac1948fc47ac06471674fdf080395/Aebel-Shajan/gym-data-analysis
2024-06-07,1,gym-data-analysis,https://github.com/Aebel-Shajan/gym-data-analysis,https://opengraph.githubassets.com/ebe3e78bb66496a519f888abe426cc9282dac1948fc47ac06471674fdf080395/Aebel-Shajan/gym-data-analysis
2024-06-06,7,gym-data-analysis,https://github.com/Aebel-Shajan/gym-data-analysis,https://opengraph.githubassets.com/ebe3e78bb66496a519f888abe426cc9282dac1948fc47ac06471674fdf080395/Aebel-Shajan/gym-data-analysis
2024-06-05,6,gym-data-analysis,https://github.com/Aebel-Shajan/gym-data-analysis,https://opengraph.githubassets.com/ebe3e78bb66496a519f888abe426cc9282dac1948fc47ac06471674fdf080395/Aebel-Shajan/gym-data-analysis
2024-06-04,1,gym-data-analysis,https://github.com/Aebel-Shajan/gym-data-analysis,https://opengraph.githubassets.com/ebe3e78bb66496a519f888abe426cc9282dac1948fc47ac06471674fdf080395/Aebel-Shajan/gym-data-analysis
2024-09-26,14,Wocket-Weague,https://github.com/Aebel-Shajan/Wocket-Weague,https://opengraph.githubassets.com/da5773a2a9d9dd2f3a281256adac12f9d9595d06a4a8a1005da9d3854c1e1429/Aebel-Shajan/Wocket-Weague
2024-09-24,13,Wocket-Weague,https://github.com/Aebel-Shajan/Wocket-Weague,https://opengraph.githubassets.com/da5773a2a9d9dd2f3a281256adac12f9d9595d06a4a8a1005da9d3854c1e1429/Aebel-Shajan/Wocket-Weague
2024-09-22,7,Wocket-Weague,https://github.com/Aebel-Shajan/Wocket-Weague,https://opengraph.githubassets.com/da5773a2a9d9dd2f3a281256adac12f9d9595d06a4a8a1005da9d3854c1e1429/Aebel-Shajan/Wocket-Weague
2024-08-25,2,Wocket-Weague,https://github.com/Aebel-Shajan/Wocket-Weague,https://opengraph.githubassets.com/da5773a2a9d9dd2f3a281256adac12f9d9595d06a4a8a1005da9d3854c1e1429/Aebel-Shajan/Wocket-Weague
2024-07-25,3,Wocket-Weague,https://github.com/Aebel-Shajan/Wocket-Weague,https://opengraph.githubassets.com/da5773a2a9d9dd2f3a281256adac12f9d9595d06a4a8a1005da9d3854c1e1429/Aebel-Shajan/Wocket-Weague
2024-03-17,9,Wocket-Weague,https://github.com/Aebel-Shajan/Wocket-Weague,https://opengraph.githubassets.com/da5773a2a9d9dd2f3a281256adac12f9d9595d06a4a8a1005da9d3854c1e1429/Aebel-Shajan/Wocket-Weague
2024-02-27,5,Wocket-Weague,https://github.com/Aebel-Shajan/Wocket-Weague,https://opengraph.githubassets.com/da5773a2a9d9dd2f3a281256adac12f9d9595d06a4a8a1005da9d3854c1e1429/Aebel-Shajan/Wocket-Weague
2024-02-25,7,Wocket-Weague,https://github.com/Aebel-Shajan/Wocket-Weague,https://opengraph.githubassets.com/da5773a2a9d9dd2f3a281256adac12f9d9595d06a4a8a1005da9d3854c1e1429/Aebel-Shajan/Wocket-Weague
2024-02-24,1,Wocket-Weague,https://github.com/Aebel-Shajan/Wocket-Weague,https://opengraph.githubassets.com/da5773a2a9d9dd2f3a281256adac12f9d9595d06a4a8a1005da9d3854c1e1429/Aebel-Shajan/Wocket-Weague
2024-07-09,3,notes,https://github.com/Aebel-Shajan/notes,https://opengraph.githubassets.com/2ce6166ffb3fc3d26649fe42d05aaba3c7b17801e51ef50ec626c8344af68bbf/Aebel-Shajan/notes
2024-07-08,3,notes,https://github.com/Aebel-Shajan/notes,https://opengraph.githubassets.com/2ce6166ffb3fc3d26649fe42d05aaba3c7b17801e51ef50ec626c8344af68bbf/Aebel-Shajan/notes
2024-07-05,1,notes,https://github.com/Aebel-Shajan/notes,https://opengraph.githubassets.com/2ce6166ffb3fc3d26649fe42d05aaba3c7b17801e51ef50ec626c8344af68bbf/Aebel-Shajan/notes
2024-06-25,2,notes,https://github.com/Aebel-Shajan/notes,https://opengraph.githubassets.com/2ce6166ffb3fc3d26649fe42d05aaba3c7b17801e51ef50ec626c8344af68bbf/Aebel-Shajan/notes
2024-06-19,1,notes,https://github.com/Aebel-Shajan/notes,https://opengraph.githubassets.com/2ce6166ffb3fc3d26649fe42d05aaba3c7b17801e51ef50ec626c8344af68bbf/Aebel-Shajan/notes
2024-06-11,1,notes,https://github.com/Aebel-Shajan/notes,https://opengraph.githubassets.com/2ce6166ffb3fc3d26649fe42d05aaba3c7b17801e51ef50ec626c8344af68bbf/Aebel-Shajan/notes
2024-06-09,2,notes,https://github.com/Aebel-Shajan/notes,https://opengraph.githubassets.com/2ce6166ffb3fc3d26649fe42d05aaba3c7b17801e51ef50ec626c8344af68bbf/Aebel-Shajan/notes
2024-06-06,7,notes,https://github.com/Aebel-Shajan/notes,https://opengraph.githubassets.com/2ce6166ffb3fc3d26649fe42d05aaba3c7b17801e51ef50ec626c8344af68bbf/Aebel-Shajan/notes
2024-06-05,4,notes,https://github.com/Aebel-Shajan/notes,https://opengraph.githubassets.com/2ce6166ffb3fc3d26649fe42d05aaba3c7b17801e51ef50ec626c8344af68bbf/Aebel-Shajan/notes
2024-06-04,1,notes,https://github.com/Aebel-Shajan/notes,https://opengraph.githubassets.com/2ce6166ffb3fc3d26649fe42d05aaba3c7b17801e51ef50ec626c8344af68bbf/Aebel-Shajan/notes
2024-05-29,2,notes,https://github.com/Aebel-Shajan/notes,https://opengraph.githubassets.com/2ce6166ffb3fc3d26649fe42d05aaba3c7b17801e51ef50ec626c8344af68bbf/Aebel-Shajan/notes
2024-05-28,5,notes,https://github.com/Aebel-Shajan/notes,https://opengraph.githubassets.com/2ce6166ffb3fc3d26649fe42d05aaba3c7b17801e51ef50ec626c8344af68bbf/Aebel-Shajan/notes
2024-05-27,2,notes,https://github.com/Aebel-Shajan/notes,https://opengraph.githubassets.com/2ce6166ffb3fc3d26649fe42d05aaba3c7b17801e51ef50ec626c8344af68bbf/Aebel-Shajan/notes
2024-05-25,12,notes,https://github.com/Aebel-Shajan/notes,https://opengraph.githubassets.com/2ce6166ffb3fc3d26649fe42d05aaba3c7b17801e51ef50ec626c8344af68bbf/Aebel-Shajan/notes
2024-05-24,8,notes,https://github.com/Aebel-Shajan/notes,https://opengraph.githubassets.com/2ce6166ffb3fc3d26649fe42d05aaba3c7b17801e51ef50ec626c8344af68bbf/Aebel-Shajan/notes
2024-05-23,2,notes,https://github.com/Aebel-Shajan/notes,https://opengraph.githubassets.com/2ce6166ffb3fc3d26649fe42d05aaba3c7b17801e51ef50ec626c8344af68bbf/Aebel-Shajan/notes
2024-12-15,5,yee-mux-extension,https://github.com/Aebel-Shajan/yee-mux-extension,https://repository-images.githubusercontent.com/901563883/6faaaa54-530c-437b-9faa-fdf64b853da4
2024-12-14,3,yee-mux-extension,https://github.com/Aebel-Shajan/yee-mux-extension,https://repository-images.githubusercontent.com/901563883/6faaaa54-530c-437b-9faa-fdf64b853da4
2024-12-10,1,yee-mux-extension,https://github.com/Aebel-Shajan/yee-mux-extension,https://repository-images.githubusercontent.com/901563883/6faaaa54-530c-437b-9faa-fdf64b853da4
2024-12-06,2,yee-mux-extension,https://github.com/Aebel-Shajan/yee-mux-extension,https://repository-images.githubusercontent.com/901563883/6faaaa54-530c-437b-9faa-fdf64b853da4
2024-12-05,11,yee-mux-extension,https://github.com/Aebel-Shajan/yee-mux-extension,https://repository-images.githubusercontent.com/901563883/6faaaa54-530c-437b-9faa-fdf64b853da4
2024-12-04,10,yee-mux-extension,https://github.com/Aebel-Shajan/yee-mux-extension,https://repository-images.githubusercontent.com/901563883/6faaaa54-530c-437b-9faa-fdf64b853da4
2024-12-02,8,yee-mux-extension,https://github.com/Aebel-Shajan/yee-mux-extension,https://repository-images.githubusercontent.com/901563883/6faaaa54-530c-437b-9faa-fdf64b853da4
2024-12-01,9,yee-mux-extension,https://github.com/Aebel-Shajan/yee-mux-extension,https://repository-images.githubusercontent.com/901563883/6faaaa54-530c-437b-9faa-fdf64b853da4
2024-11-30,3,yee-mux-extension,https://github.com/Aebel-Shajan/yee-mux-extension,https://repository-images.githubusercontent.com/901563883/6faaaa54-530c-437b-9faa-fdf64b853da4
2024-11-29,3,yee-mux-extension,https://github.com/Aebel-Shajan/yee-mux-extension,https://repository-images.githubusercontent.com/901563883/6faaaa54-530c-437b-9faa-fdf64b853da4
2024-02-13,29,lab_3.1_polymorphism,https://github.com/Aebel-Shajan/lab_3.1_polymorphism,https://opengraph.githubassets.com/9174ec8994a845baec736987ad917c0768cfdde65a968fe35f481e4918466460/Aebel-Shajan/lab_3.1_polymorphism
2024-02-12,25,lab_3.1_polymorphism,https://github.com/Aebel-Shajan/lab_3.1_polymorphism,https://opengraph.githubassets.com/9174ec8994a845baec736987ad917c0768cfdde65a968fe35f481e4918466460/Aebel-Shajan/lab_3.1_polymorphism
2024-07-24,1,nemo-movies,https://github.com/Aebel-Shajan/nemo-movies,https://opengraph.githubassets.com/f294d3ef4c7d576a5df14bd69188c00247c8b2d5ade25ebefaba02b023095a5e/Aebel-Shajan/nemo-movies
2024-07-21,2,nemo-movies,https://github.com/Aebel-Shajan/nemo-movies,https://opengraph.githubassets.com/f294d3ef4c7d576a5df14bd69188c00247c8b2d5ade25ebefaba02b023095a5e/Aebel-Shajan/nemo-movies
2024-07-20,4,nemo-movies,https://github.com/Aebel-Shajan/nemo-movies,https://opengraph.githubassets.com/f294d3ef4c7d576a5df14bd69188c00247c8b2d5ade25ebefaba02b023095a5e/Aebel-Shajan/nemo-movies
2024-07-09,4,nemo-movies,https://github.com/Aebel-Shajan/nemo-movies,https://opengraph.githubassets.com/f294d3ef4c7d576a5df14bd69188c00247c8b2d5ade25ebefaba02b023095a5e/Aebel-Shajan/nemo-movies
2024-07-08,14,nemo-movies,https://github.com/Aebel-Shajan/nemo-movies,https://opengraph.githubassets.com/f294d3ef4c7d576a5df14bd69188c00247c8b2d5ade25ebefaba02b023095a5e/Aebel-Shajan/nemo-movies
2024-07-07,9,nemo-movies,https://github.com/Aebel-Shajan/nemo-movies,https://opengraph.githubassets.com/f294d3ef4c7d576a5df14bd69188c00247c8b2d5ade25ebefaba02b023095a5e/Aebel-Shajan/nemo-movies
2024-07-03,4,nemo-movies,https://github.com/Aebel-Shajan/nemo-movies,https://opengraph.githubassets.com/f294d3ef4c7d576a5df14bd69188c00247c8b2d5ade25ebefaba02b023095a5e/Aebel-Shajan/nemo-movies
2024-07-01,1,nemo-movies,https://github.com/Aebel-Shajan/nemo-movies,https://opengraph.githubassets.com/f294d3ef4c7d576a5df14bd69188c00247c8b2d5ade25ebefaba02b023095a5e/Aebel-Shajan/nemo-movies
2024-06-28,1,nemo-movies,https://github.com/Aebel-Shajan/nemo-movies,https://opengraph.githubassets.com/f294d3ef4c7d576a5df14bd69188c00247c8b2d5ade25ebefaba02b023095a5e/Aebel-Shajan/nemo-movies
2024-06-27,3,nemo-movies,https://github.com/Aebel-Shajan/nemo-movies,https://opengraph.githubassets.com/f294d3ef4c7d576a5df14bd69188c00247c8b2d5ade25ebefaba02b023095a5e/Aebel-Shajan/nemo-movies
2024-06-26,8,nemo-movies,https://github.com/Aebel-Shajan/nemo-movies,https://opengraph.githubassets.com/f294d3ef4c7d576a5df14bd69188c00247c8b2d5ade25ebefaba02b023095a5e/Aebel-Shajan/nemo-movies
2024-12-15,2,Aebel-Shajan,https://github.com/Aebel-Shajan/Aebel-Shajan,https://opengraph.githubassets.com/6de6bd49ede1dc1168c63fdb8d0a6639c2696f8705833a0cf5e3122c4d954c16/Aebel-Shajan/Aebel-Shajan
2024-11-09,1,Aebel-Shajan,https://github.com/Aebel-Shajan/Aebel-Shajan,https://opengraph.githubassets.com/6de6bd49ede1dc1168c63fdb8d0a6639c2696f8705833a0cf5e3122c4d954c16/Aebel-Shajan/Aebel-Shajan
2024-09-20,1,Aebel-Shajan,https://github.com/Aebel-Shajan/Aebel-Shajan,https://opengraph.githubassets.com/6de6bd49ede1dc1168c63fdb8d0a6639c2696f8705833a0cf5e3122c4d954c16/Aebel-Shajan/Aebel-Shajan
2024-09-15,3,Aebel-Shajan,https://github.com/Aebel-Shajan/Aebel-Shajan,https://opengraph.githubassets.com/6de6bd49ede1dc1168c63fdb8d0a6639c2696f8705833a0cf5e3122c4d954c16/Aebel-Shajan/Aebel-Shajan
2024-09-08,3,Aebel-Shajan,https://github.com/Aebel-Shajan/Aebel-Shajan,https://opengraph.githubassets.com/6de6bd49ede1dc1168c63fdb8d0a6639c2696f8705833a0cf5e3122c4d954c16/Aebel-Shajan/Aebel-Shajan
2024-08-27,2,Aebel-Shajan,https://github.com/Aebel-Shajan/Aebel-Shajan,https://opengraph.githubassets.com/6de6bd49ede1dc1168c63fdb8d0a6639c2696f8705833a0cf5e3122c4d954c16/Aebel-Shajan/Aebel-Shajan
2024-08-26,1,Aebel-Shajan,https://github.com/Aebel-Shajan/Aebel-Shajan,https://opengraph.githubassets.com/6de6bd49ede1dc1168c63fdb8d0a6639c2696f8705833a0cf5e3122c4d954c16/Aebel-Shajan/Aebel-Shajan
2024-08-25,6,Aebel-Shajan,https://github.com/Aebel-Shajan/Aebel-Shajan,https://opengraph.githubassets.com/6de6bd49ede1dc1168c63fdb8d0a6639c2696f8705833a0cf5e3122c4d954c16/Aebel-Shajan/Aebel-Shajan
2024-08-16,1,Aebel-Shajan,https://github.com/Aebel-Shajan/Aebel-Shajan,https://opengraph.githubassets.com/6de6bd49ede1dc1168c63fdb8d0a6639c2696f8705833a0cf5e3122c4d954c16/Aebel-Shajan/Aebel-Shajan
2024-07-31,1,Aebel-Shajan,https://github.com/Aebel-Shajan/Aebel-Shajan,https://opengraph.githubassets.com/6de6bd49ede1dc1168c63fdb8d0a6639c2696f8705833a0cf5e3122c4d954c16/Aebel-Shajan/Aebel-Shajan
2024-07-03,1,Aebel-Shajan,https://github.com/Aebel-Shajan/Aebel-Shajan,https://opengraph.githubassets.com/6de6bd49ede1dc1168c63fdb8d0a6639c2696f8705833a0cf5e3122c4d954c16/Aebel-Shajan/Aebel-Shajan
2024-06-27,1,Aebel-Shajan,https://github.com/Aebel-Shajan/Aebel-Shajan,https://opengraph.githubassets.com/6de6bd49ede1dc1168c63fdb8d0a6639c2696f8705833a0cf5e3122c4d954c16/Aebel-Shajan/Aebel-Shajan
2024-06-16,1,Aebel-Shajan,https://github.com/Aebel-Shajan/Aebel-Shajan,https://opengraph.githubassets.com/6de6bd49ede1dc1168c63fdb8d0a6639c2696f8705833a0cf5e3122c4d954c16/Aebel-Shajan/Aebel-Shajan
2024-05-29,1,Aebel-Shajan,https://github.com/Aebel-Shajan/Aebel-Shajan,https://opengraph.githubassets.com/6de6bd49ede1dc1168c63fdb8d0a6639c2696f8705833a0cf5e3122c4d954c16/Aebel-Shajan/Aebel-Shajan
2024-05-23,1,Aebel-Shajan,https://github.com/Aebel-Shajan/Aebel-Shajan,https://opengraph.githubassets.com/6de6bd49ede1dc1168c63fdb8d0a6639c2696f8705833a0cf5e3122c4d954c16/Aebel-Shajan/Aebel-Shajan
2024-05-09,3,Aebel-Shajan,https://github.com/Aebel-Shajan/Aebel-Shajan,https://opengraph.githubassets.com/6de6bd49ede1dc1168c63fdb8d0a6639c2696f8705833a0cf5e3122c4d954c16/Aebel-Shajan/Aebel-Shajan
2024-04-27,1,Aebel-Shajan,https://github.com/Aebel-Shajan/Aebel-Shajan,https://opengraph.githubassets.com/6de6bd49ede1dc1168c63fdb8d0a6639c2696f8705833a0cf5e3122c4d954c16/Aebel-Shajan/Aebel-Shajan
2024-04-14,1,Aebel-Shajan,https://github.com/Aebel-Shajan/Aebel-Shajan,https://opengraph.githubassets.com/6de6bd49ede1dc1168c63fdb8d0a6639c2696f8705833a0cf5e3122c4d954c16/Aebel-Shajan/Aebel-Shajan
2024-03-26,1,Aebel-Shajan,https://github.com/Aebel-Shajan/Aebel-Shajan,https://opengraph.githubassets.com/6de6bd49ede1dc1168c63fdb8d0a6639c2696f8705833a0cf5e3122c4d954c16/Aebel-Shajan/Aebel-Shajan
2024-03-20,1,Aebel-Shajan,https://github.com/Aebel-Shajan/Aebel-Shajan,https://opengraph.githubassets.com/6de6bd49ede1dc1168c63fdb8d0a6639c2696f8705833a0cf5e3122c4d954c16/Aebel-Shajan/Aebel-Shajan
2024-03-07,1,Aebel-Shajan,https://github.com/Aebel-Shajan/Aebel-Shajan,https://opengraph.githubassets.com/6de6bd49ede1dc1168c63fdb8d0a6639c2696f8705833a0cf5e3122c4d954c16/Aebel-Shajan/Aebel-Shajan
2024-03-06,2,Aebel-Shajan,https://github.com/Aebel-Shajan/Aebel-Shajan,https://opengraph.githubassets.com/6de6bd49ede1dc1168c63fdb8d0a6639c2696f8705833a0cf5e3122c4d954c16/Aebel-Shajan/Aebel-Shajan
2024-03-01,1,Aebel-Shajan,https://github.com/Aebel-Shajan/Aebel-Shajan,https://opengraph.githubassets.com/6de6bd49ede1dc1168c63fdb8d0a6639c2696f8705833a0cf5e3122c4d954c16/Aebel-Shajan/Aebel-Shajan
2024-02-27,1,Aebel-Shajan,https://github.com/Aebel-Shajan/Aebel-Shajan,https://opengraph.githubassets.com/6de6bd49ede1dc1168c63fdb8d0a6639c2696f8705833a0cf5e3122c4d954c16/Aebel-Shajan/Aebel-Shajan
2024-02-26,3,Aebel-Shajan,https://github.com/Aebel-Shajan/Aebel-Shajan,https://opengraph.githubassets.com/6de6bd49ede1dc1168c63fdb8d0a6639c2696f8705833a0cf5e3122c4d954c16/Aebel-Shajan/Aebel-Shajan
2024-05-14,3,django-react-notes-app,https://github.com/Aebel-Shajan/django-react-notes-app,https://opengraph.githubassets.com/09ed56cbba6621ae05c617618b5c4b85dd982eaaab2feb0519552f42487e3f19/Aebel-Shajan/django-react-notes-app
2024-05-13,32,django-react-notes-app,https://github.com/Aebel-Shajan/django-react-notes-app,https://opengraph.githubassets.com/09ed56cbba6621ae05c617618b5c4b85dd982eaaab2feb0519552f42487e3f19/Aebel-Shajan/django-react-notes-app
2024-04-22,2,blether-frontend,https://github.com/osamui01/blether-frontend,https://opengraph.githubassets.com/24fc7195252a9e407faef1245a13e796aa9c1c14a20ad8f2aa99aec24b6b026f/osamui01/blether-frontend
2024-04-08,2,blether-frontend,https://github.com/osamui01/blether-frontend,https://opengraph.githubassets.com/24fc7195252a9e407faef1245a13e796aa9c1c14a20ad8f2aa99aec24b6b026f/osamui01/blether-frontend
2024-04-04,15,blether-frontend,https://github.com/osamui01/blether-frontend,https://opengraph.githubassets.com/24fc7195252a9e407faef1245a13e796aa9c1c14a20ad8f2aa99aec24b6b026f/osamui01/blether-frontend
2024-04-03,6,blether-frontend,https://github.com/osamui01/blether-frontend,https://opengraph.githubassets.com/24fc7195252a9e407faef1245a13e796aa9c1c14a20ad8f2aa99aec24b6b026f/osamui01/blether-frontend
2024-04-02,8,blether-frontend,https://github.com/osamui01/blether-frontend,https://opengraph.githubassets.com/24fc7195252a9e407faef1245a13e796aa9c1c14a20ad8f2aa99aec24b6b026f/osamui01/blether-frontend
2024-05-25,1,django-tutorial,https://github.com/Aebel-Shajan/django-tutorial,https://opengraph.githubassets.com/661d31066d342b31d836611d799463416aed44cc3be92fe115cd538f11707437/Aebel-Shajan/django-tutorial
2024-05-20,1,django-tutorial,https://github.com/Aebel-Shajan/django-tutorial,https://opengraph.githubassets.com/661d31066d342b31d836611d799463416aed44cc3be92fe115cd538f11707437/Aebel-Shajan/django-tutorial
2024-05-19,29,django-tutorial,https://github.com/Aebel-Shajan/django-tutorial,https://opengraph.githubassets.com/661d31066d342b31d836611d799463416aed44cc3be92fe115cd538f11707437/Aebel-Shajan/django-tutorial
2024-03-07,2,Conversa_API,https://github.com/sahilpatel1906/Conversa_API,https://opengraph.githubassets.com/0923db3cb1daebcab0f24a539a71aa8bc6be79f8b7d0e7186b5ee6af80e85ddb/sahilpatel1906/Conversa_API
2024-03-06,5,Conversa_API,https://github.com/sahilpatel1906/Conversa_API,https://opengraph.githubassets.com/0923db3cb1daebcab0f24a539a71aa8bc6be79f8b7d0e7186b5ee6af80e85ddb/sahilpatel1906/Conversa_API
2024-03-04,21,Conversa_API,https://github.com/sahilpatel1906/Conversa_API,https://opengraph.githubassets.com/0923db3cb1daebcab0f24a539a71aa8bc6be79f8b7d0e7186b5ee6af80e85ddb/sahilpatel1906/Conversa_API
2024-05-19,3,fcc-pytest,https://github.com/Aebel-Shajan/fcc-pytest,https://opengraph.githubassets.com/85829706c4dea27cec762794b2b70714a80a0138ee5e483a1d99dd2431acf0d2/Aebel-Shajan/fcc-pytest
2024-05-18,16,fcc-pytest,https://github.com/Aebel-Shajan/fcc-pytest,https://opengraph.githubassets.com/85829706c4dea27cec762794b2b70714a80a0138ee5e483a1d99dd2431acf0d2/Aebel-Shajan/fcc-pytest
2024-05-16,4,fcc-pytest,https://github.com/Aebel-Shajan/fcc-pytest,https://opengraph.githubassets.com/85829706c4dea27cec762794b2b70714a80a0138ee5e483a1d99dd2431acf0d2/Aebel-Shajan/fcc-pytest
2024-05-15,5,fcc-pytest,https://github.com/Aebel-Shajan/fcc-pytest,https://opengraph.githubassets.com/85829706c4dea27cec762794b2b70714a80a0138ee5e483a1d99dd2431acf0d2/Aebel-Shajan/fcc-pytest
2024-04-16,4,lab_5.4_airline_api,https://github.com/Aebel-Shajan/lab_5.4_airline_api,https://opengraph.githubassets.com/c44665939ac0fccfd08c042e3200908e2f4cb4d24def87d3e22a7515c777b17d/Aebel-Shajan/lab_5.4_airline_api
2024-02-29,24,lab_5.4_airline_api,https://github.com/Aebel-Shajan/lab_5.4_airline_api,https://opengraph.githubassets.com/c44665939ac0fccfd08c042e3200908e2f4cb4d24def87d3e22a7515c777b17d/Aebel-Shajan/lab_5.4_airline_api
2024-02-07,25,lab_2.3_single_classes,https://github.com/Aebel-Shajan/lab_2.3_single_classes,https://opengraph.githubassets.com/435867715d33d5124652bfc23f33ed2a568620e6a304783ba4cb0b3bfeb78104/Aebel-Shajan/lab_2.3_single_classes
2024-08-27,1,sidepanel-screen-reader,https://github.com/Aebel-Shajan/sidepanel-screen-reader,https://opengraph.githubassets.com/93d09b9a0cea4b19c01c78cec3eeba564f6a4eff9cf7407d8b7689532b024d13/Aebel-Shajan/sidepanel-screen-reader
2024-07-25,2,sidepanel-screen-reader,https://github.com/Aebel-Shajan/sidepanel-screen-reader,https://opengraph.githubassets.com/93d09b9a0cea4b19c01c78cec3eeba564f6a4eff9cf7407d8b7689532b024d13/Aebel-Shajan/sidepanel-screen-reader
2024-02-25,4,sidepanel-screen-reader,https://github.com/Aebel-Shajan/sidepanel-screen-reader,https://opengraph.githubassets.com/93d09b9a0cea4b19c01c78cec3eeba564f6a4eff9cf7407d8b7689532b024d13/Aebel-Shajan/sidepanel-screen-reader
2024-01-18,4,sidepanel-screen-reader,https://github.com/Aebel-Shajan/sidepanel-screen-reader,https://opengraph.githubassets.com/93d09b9a0cea4b19c01c78cec3eeba564f6a4eff9cf7407d8b7689532b024d13/Aebel-Shajan/sidepanel-screen-reader
2024-01-17,2,sidepanel-screen-reader,https://github.com/Aebel-Shajan/sidepanel-screen-reader,https://opengraph.githubassets.com/93d09b9a0cea4b19c01c78cec3eeba564f6a4eff9cf7407d8b7689532b024d13/Aebel-Shajan/sidepanel-screen-reader
2024-01-16,6,sidepanel-screen-reader,https://github.com/Aebel-Shajan/sidepanel-screen-reader,https://opengraph.githubassets.com/93d09b9a0cea4b19c01c78cec3eeba564f6a4eff9cf7407d8b7689532b024d13/Aebel-Shajan/sidepanel-screen-reader
2024-01-15,1,sidepanel-screen-reader,https://github.com/Aebel-Shajan/sidepanel-screen-reader,https://opengraph.githubassets.com/93d09b9a0cea4b19c01c78cec3eeba564f6a4eff9cf7407d8b7689532b024d13/Aebel-Shajan/sidepanel-screen-reader
2024-01-14,3,sidepanel-screen-reader,https://github.com/Aebel-Shajan/sidepanel-screen-reader,https://opengraph.githubassets.com/93d09b9a0cea4b19c01c78cec3eeba564f6a4eff9cf7407d8b7689532b024d13/Aebel-Shajan/sidepanel-screen-reader
2024-03-12,20,lab_7.2_calculator_testing,https://github.com/Aebel-Shajan/lab_7.2_calculator_testing,https://opengraph.githubassets.com/c9a27d5a88aa25724a3a1eaf17285eef2f4d571c2e35fb65ee88b8305c601498/Aebel-Shajan/lab_7.2_calculator_testing
2024-09-07,2,mern-bookstore-tutorial,https://github.com/Aebel-Shajan/mern-bookstore-tutorial,https://opengraph.githubassets.com/726caed715b49105308cb657f4400ba8ce77c9a6ebb159ef22d9c269d1ff6cfb/Aebel-Shajan/mern-bookstore-tutorial
2024-08-26,15,mern-bookstore-tutorial,https://github.com/Aebel-Shajan/mern-bookstore-tutorial,https://opengraph.githubassets.com/726caed715b49105308cb657f4400ba8ce77c9a6ebb159ef22d9c269d1ff6cfb/Aebel-Shajan/mern-bookstore-tutorial
2025-06-22,2,year-in-data,https://github.com/Aebel-Shajan/year-in-data,https://repository-images.githubusercontent.com/903916918/0f47237c-abc5-45c3-ad78-abcca7206b0a
2025-06-07,1,year-in-data,https://github.com/Aebel-Shajan/year-in-data,https://repository-images.githubusercontent.com/903916918/0f47237c-abc5-45c3-ad78-abcca7206b0a
2025-06-06,1,year-in-data,https://github.com/Aebel-Shajan/year-in-data,https://repository-images.githubusercontent.com/903916918/0f47237c-abc5-45c3-ad78-abcca7206b0a
2025-06-04,1,year-in-data,https://github.com/Aebel-Shajan/year-in-data,https://repository-images.githubusercontent.com/903916918/0f47237c-abc5-45c3-ad78-abcca7206b0a
2025-05-22,17,year-in-data,https://github.com/Aebel-Shajan/year-in-data,https://repository-images.githubusercontent.com/903916918/0f47237c-abc5-45c3-ad78-abcca7206b0a
2025-05-17,6,year-in-data,https://github.com/Aebel-Shajan/year-in-data,https://repository-images.githubusercontent.com/903916918/0f47237c-abc5-45c3-ad78-abcca7206b0a
2025-05-16,14,year-in-data,https://github.com/Aebel-Shajan/year-in-data,https://repository-images.githubusercontent.com/903916918/0f47237c-abc5-45c3-ad78-abcca7206b0a
2025-05-15,4,year-in-data,https://github.com/Aebel-Shajan/year-in-data,https://repository-images.githubusercontent.com/903916918/0f47237c-abc5-45c3-ad78-abcca7206b0a
2025-05-14,7,year-in-data,https://github.com/Aebel-Shajan/year-in-data,https://repository-images.githubusercontent.com/903916918/0f47237c-abc5-45c3-ad78-abcca7206b0a
2025-05-13,7,year-in-data,https://github.com/Aebel-Shajan/year-in-data,https://repository-images.githubusercontent.com/903916918/0f47237c-abc5-45c3-ad78-abcca7206b0a
2025-05-10,18,year-in-data,https://github.com/Aebel-Shajan/year-in-data,https://repository-images.githubusercontent.com/903916918/0f47237c-abc5-45c3-ad78-abcca7206b0a
2025-05-09,9,year-in-data,https://github.com/Aebel-Shajan/year-in-data,https://repository-images.githubusercontent.com/903916918/0f47237c-abc5-45c3-ad78-abcca7206b0a
2025-05-08,18,year-in-data,https://github.com/Aebel-Shajan/year-in-data,https://repository-images.githubusercontent.com/903916918/0f47237c-abc5-45c3-ad78-abcca7206b0a
2025-04-30,8,year-in-data,https://github.com/Aebel-Shajan/year-in-data,https://repository-images.githubusercontent.com/903916918/0f47237c-abc5-45c3-ad78-abcca7206b0a
2025-04-24,5,year-in-data,https://github.com/Aebel-Shajan/year-in-data,https://repository-images.githubusercontent.com/903916918/0f47237c-abc5-45c3-ad78-abcca7206b0a
2025-04-23,1,year-in-data,https://github.com/Aebel-Shajan/year-in-data,https://repository-images.githubusercontent.com/903916918/0f47237c-abc5-45c3-ad78-abcca7206b0a
2025-04-13,15,year-in-data,https://github.com/Aebel-Shajan/year-in-data,https://repository-images.githubusercontent.com/903916918/0f47237c-abc5-45c3-ad78-abcca7206b0a
2025-04-12,1,year-in-data,https://github.com/Aebel-Shajan/year-in-data,https://repository-images.githubusercontent.com/903916918/0f47237c-abc5-45c3-ad78-abcca7206b0a
2025-04-11,2,year-in-data,https://github.com/Aebel-Shajan/year-in-data,https://repository-images.githubusercontent.com/903916918/0f47237c-abc5-45c3-ad78-abcca7206b0a
2025-04-10,2,year-in-data,https://github.com/Aebel-Shajan/year-in-data,https://repository-images.githubusercontent.com/903916918/0f47237c-abc5-45c3-ad78-abcca7206b0a
2025-04-08,6,year-in-data,https://github.com/Aebel-Shajan/year-in-data,https://repository-images.githubusercontent.com/903916918/0f47237c-abc5-45c3-ad78-abcca7206b0a
2025-04-06,2,year-in-data,https://github.com/Aebel-Shajan/year-in-data,https://repository-images.githubusercontent.com/903916918/0f47237c-abc5-45c3-ad78-abcca7206b0a
2025-04-01,2,year-in-data,https://github.com/Aebel-Shajan/year-in-data,https://repository-images.githubusercontent.com/903916918/0f47237c-abc5-45c3-ad78-abcca7206b0a
2025-03-18,13,year-in-data,https://github.com/Aebel-Shajan/year-in-data,https://repository-images.githubusercontent.com/903916918/0f47237c-abc5-45c3-ad78-abcca7206b0a
2025-03-17,2,year-in-data,https://github.com/Aebel-Shajan/year-in-data,https://repository-images.githubusercontent.com/903916918/0f47237c-abc5-45c3-ad78-abcca7206b0a
2025-03-16,1,year-in-data,https://github.com/Aebel-Shajan/year-in-data,https://repository-images.githubusercontent.com/903916918/0f47237c-abc5-45c3-ad78-abcca7206b0a
2025-02-19,2,year-in-data,https://github.com/Aebel-Shajan/year-in-data,https://repository-images.githubusercontent.com/903916918/0f47237c-abc5-45c3-ad78-abcca7206b0a
2025-01-30,1,year-in-data,https://github.com/Aebel-Shajan/year-in-data,https://repository-images.githubusercontent.com/903916918/0f47237c-abc5-45c3-ad78-abcca7206b0a
2025-01-26,3,year-in-data,https://github.com/Aebel-Shajan/year-in-data,https://repository-images.githubusercontent.com/903916918/0f47237c-abc5-45c3-ad78-abcca7206b0a
2025-01-18,15,year-in-data,https://github.com/Aebel-Shajan/year-in-data,https://repository-images.githubusercontent.com/903916918/0f47237c-abc5-45c3-ad78-abcca7206b0a
2025-01-06,3,year-in-data,https://github.com/Aebel-Shajan/year-in-data,https://repository-images.githubusercontent.com/903916918/0f47237c-abc5-45c3-ad78-abcca7206b0a
2025-01-05,27,year-in-data,https://github.com/Aebel-Shajan/year-in-data,https://repository-images.githubusercontent.com/903916918/0f47237c-abc5-45c3-ad78-abcca7206b0a
2025-01-04,36,year-in-data,https://github.com/Aebel-Shajan/year-in-data,https://repository-images.githubusercontent.com/903916918/0f47237c-abc5-45c3-ad78-abcca7206b0a
2025-01-03,15,year-in-data,https://github.com/Aebel-Shajan/year-in-data,https://repository-images.githubusercontent.com/903916918/0f47237c-abc5-45c3-ad78-abcca7206b0a
2025-01-02,11,year-in-data,https://github.com/Aebel-Shajan/year-in-data,https://repository-images.githubusercontent.com/903916918/0f47237c-abc5-45c3-ad78-abcca7206b0a
2025-01-01,2,year-in-data,https://github.com/Aebel-Shajan/year-in-data,https://repository-images.githubusercontent.com/903916918/0f47237c-abc5-45c3-ad78-abcca7206b0a
2025-05-05,1,yd_backend,https://github.com/Aebel-Shajan/yd_backend,https://opengraph.githubassets.com/b3c7bb5820f32150dee304eaca6434c9ef6283752fa5d7bb62828d62e106cf2a/Aebel-Shajan/yd_backend
2025-04-30,1,yd_backend,https://github.com/Aebel-Shajan/yd_backend,https://opengraph.githubassets.com/b3c7bb5820f32150dee304eaca6434c9ef6283752fa5d7bb62828d62e106cf2a/Aebel-Shajan/yd_backend
2025-04-29,2,yd_backend,https://github.com/Aebel-Shajan/yd_backend,https://opengraph.githubassets.com/b3c7bb5820f32150dee304eaca6434c9ef6283752fa5d7bb62828d62e106cf2a/Aebel-Shajan/yd_backend
2025-04-28,1,yd_backend,https://github.com/Aebel-Shajan/yd_backend,https://opengraph.githubassets.com/b3c7bb5820f32150dee304eaca6434c9ef6283752fa5d7bb62828d62e106cf2a/Aebel-Shajan/yd_backend
2025-04-27,3,yd_backend,https://github.com/Aebel-Shajan/yd_backend,https://opengraph.githubassets.com/b3c7bb5820f32150dee304eaca6434c9ef6283752fa5d7bb62828d62e106cf2a/Aebel-Shajan/yd_backend
2025-04-26,6,yd_backend,https://github.com/Aebel-Shajan/yd_backend,https://opengraph.githubassets.com/b3c7bb5820f32150dee304eaca6434c9ef6283752fa5d7bb62828d62e106cf2a/Aebel-Shajan/yd_backend
2025-04-24,3,yd_backend,https://github.com/Aebel-Shajan/yd_backend,https://opengraph.githubassets.com/b3c7bb5820f32150dee304eaca6434c9ef6283752fa5d7bb62828d62e106cf2a/Aebel-Shajan/yd_backend
2025-04-13,1,yd_backend,https://github.com/Aebel-Shajan/yd_backend,https://opengraph.githubassets.com/b3c7bb5820f32150dee304eaca6434c9ef6283752fa5d7bb62828d62e106cf2a/Aebel-Shajan/yd_backend
2025-04-11,4,yd_backend,https://github.com/Aebel-Shajan/yd_backend,https://opengraph.githubassets.com/b3c7bb5820f32150dee304eaca6434c9ef6283752fa5d7bb62828d62e106cf2a/Aebel-Shajan/yd_backend
2025-04-08,1,yd_backend,https://github.com/Aebel-Shajan/yd_backend,https://opengraph.githubassets.com/b3c7bb5820f32150dee304eaca6434c9ef6283752fa5d7bb62828d62e106cf2a/Aebel-Shajan/yd_backend
2025-04-06,11,yd_backend,https://github.com/Aebel-Shajan/yd_backend,https://opengraph.githubassets.com/b3c7bb5820f32150dee304eaca6434c9ef6283752fa5d7bb62828d62e106cf2a/Aebel-Shajan/yd_backend
2025-04-05,22,yd_backend,https://github.com/Aebel-Shajan/yd_backend,https://opengraph.githubassets.com/b3c7bb5820f32150dee304eaca6434c9ef6283752fa5d7bb62828d62e106cf2a/Aebel-Shajan/yd_backend
2025-04-04,4,yd_backend,https://github.com/Aebel-Shajan/yd_backend,https://opengraph.githubassets.com/b3c7bb5820f32150dee304eaca6434c9ef6283752fa5d7bb62828d62e106cf2a/Aebel-Shajan/yd_backend
2025-04-01,2,yd_backend,https://github.com/Aebel-Shajan/yd_backend,https://opengraph.githubassets.com/b3c7bb5820f32150dee304eaca6434c9ef6283752fa5d7bb62828d62e106cf2a/Aebel-Shajan/yd_backend
2025-03-30,20,yd_backend,https://github.com/Aebel-Shajan/yd_backend,https://opengraph.githubassets.com/b3c7bb5820f32150dee304eaca6434c9ef6283752fa5d7bb62828d62e106cf2a/Aebel-Shajan/yd_backend
2025-03-29,1,yd_backend,https://github.com/Aebel-Shajan/yd_backend,https://opengraph.githubassets.com/b3c7bb5820f32150dee304eaca6434c9ef6283752fa5d7bb62828d62e106cf2a/Aebel-Shajan/yd_backend
2025-03-28,1,yd_backend,https://github.com/Aebel-Shajan/yd_backend,https://opengraph.githubassets.com/b3c7bb5820f32150dee304eaca6434c9ef6283752fa5d7bb62828d62e106cf2a/Aebel-Shajan/yd_backend
2025-05-22,3,minimap,https://github.com/Aebel-Shajan/minimap,https://opengraph.githubassets.com/dd1af6853d3030e565060a9e81bad9ae72d02e521823c52e315a777d41fdd56d/Aebel-Shajan/minimap
2025-02-16,1,minimap,https://github.com/Aebel-Shajan/minimap,https://opengraph.githubassets.com/dd1af6853d3030e565060a9e81bad9ae72d02e521823c52e315a777d41fdd56d/Aebel-Shajan/minimap
2025-02-14,8,minimap,https://github.com/Aebel-Shajan/minimap,https://opengraph.githubassets.com/dd1af6853d3030e565060a9e81bad9ae72d02e521823c52e315a777d41fdd56d/Aebel-Shajan/minimap
2025-02-11,6,minimap,https://github.com/Aebel-Shajan/minimap,https://opengraph.githubassets.com/dd1af6853d3030e565060a9e81bad9ae72d02e521823c52e315a777d41fdd56d/Aebel-Shajan/minimap
2025-02-09,5,minimap,https://github.com/Aebel-Shajan/minimap,https://opengraph.githubassets.com/dd1af6853d3030e565060a9e81bad9ae72d02e521823c52e315a777d41fdd56d/Aebel-Shajan/minimap
2025-02-08,5,minimap,https://github.com/Aebel-Shajan/minimap,https://opengraph.githubassets.com/dd1af6853d3030e565060a9e81bad9ae72d02e521823c52e315a777d41fdd56d/Aebel-Shajan/minimap
2025-02-07,5,minimap,https://github.com/Aebel-Shajan/minimap,https://opengraph.githubassets.com/dd1af6853d3030e565060a9e81bad9ae72d02e521823c52e315a777d41fdd56d/Aebel-Shajan/minimap
2025-02-05,5,minimap,https://github.com/Aebel-Shajan/minimap,https://opengraph.githubassets.com/dd1af6853d3030e565060a9e81bad9ae72d02e521823c52e315a777d41fdd56d/Aebel-Shajan/minimap
2025-06-12,3,scroll-minimap-for-chatgpt,https://github.com/Aebel-Shajan/scroll-minimap-for-chatgpt,https://opengraph.githubassets.com/3459dd23e1665f1128694f2d3360a4ec6542094270b9f47f46fa2ca8f6698a9e/Aebel-Shajan/scroll-minimap-for-chatgpt
2025-06-10,2,scroll-minimap-for-chatgpt,https://github.com/Aebel-Shajan/scroll-minimap-for-chatgpt,https://opengraph.githubassets.com/3459dd23e1665f1128694f2d3360a4ec6542094270b9f47f46fa2ca8f6698a9e/Aebel-Shajan/scroll-minimap-for-chatgpt
2025-05-23,25,scroll-minimap-for-chatgpt,https://github.com/Aebel-Shajan/scroll-minimap-for-chatgpt,https://opengraph.githubassets.com/3459dd23e1665f1128694f2d3360a4ec6542094270b9f47f46fa2ca8f6698a9e/Aebel-Shajan/scroll-minimap-for-chatgpt
2025-05-22,1,scroll-minimap-for-chatgpt,https://github.com/Aebel-Shajan/scroll-minimap-for-chatgpt,https://opengraph.githubassets.com/3459dd23e1665f1128694f2d3360a4ec6542094270b9f47f46fa2ca8f6698a9e/Aebel-Shajan/scroll-minimap-for-chatgpt
2025-05-08,1,ons-design-system-example,https://github.com/Aebel-Shajan/ons-design-system-example,https://opengraph.githubassets.com/86e08ceb550627d8201977e91841ca0af37391166e75b2b6f802845775a9df29/Aebel-Shajan/ons-design-system-example
2025-02-02,7,ons-design-system-example,https://github.com/Aebel-Shajan/ons-design-system-example,https://opengraph.githubassets.com/86e08ceb550627d8201977e91841ca0af37391166e75b2b6f802845775a9df29/Aebel-Shajan/ons-design-system-example
2025-02-01,4,ons-design-system-example,https://github.com/Aebel-Shajan/ons-design-system-example,https://opengraph.githubassets.com/86e08ceb550627d8201977e91841ca0af37391166e75b2b6f802845775a9df29/Aebel-Shajan/ons-design-system-example
2025-03-09,11,stl-readme-test,https://github.com/Aebel-Shajan/stl-readme-test,https://opengraph.githubassets.com/03a4050c619dbe6bfa51c6a49f10f79ce6fdaed9d4b6c3e5d8270a1570dd7ae2/Aebel-Shajan/stl-readme-test
2025-06-22,3,Aebel-Shajan,https://github.com/Aebel-Shajan/Aebel-Shajan,https://opengraph.githubassets.com/6de6bd49ede1dc1168c63fdb8d0a6639c2696f8705833a0cf5e3122c4d954c16/Aebel-Shajan/Aebel-Shajan
2025-05-22,1,Aebel-Shajan,https://github.com/Aebel-Shajan/Aebel-Shajan,https://opengraph.githubassets.com/6de6bd49ede1dc1168c63fdb8d0a6639c2696f8705833a0cf5e3122c4d954c16/Aebel-Shajan/Aebel-Shajan
2025-03-25,1,Aebel-Shajan,https://github.com/Aebel-Shajan/Aebel-Shajan,https://opengraph.githubassets.com/6de6bd49ede1dc1168c63fdb8d0a6639c2696f8705833a0cf5e3122c4d954c16/Aebel-Shajan/Aebel-Shajan
2025-03-15,1,Aebel-Shajan,https://github.com/Aebel-Shajan/Aebel-Shajan,https://opengraph.githubassets.com/6de6bd49ede1dc1168c63fdb8d0a6639c2696f8705833a0cf5e3122c4d954c16/Aebel-Shajan/Aebel-Shajan
2025-02-01,1,Aebel-Shajan,https://github.com/Aebel-Shajan/Aebel-Shajan,https://opengraph.githubassets.com/6de6bd49ede1dc1168c63fdb8d0a6639c2696f8705833a0cf5e3122c4d954c16/Aebel-Shajan/Aebel-Shajan
2025-01-28,1,Aebel-Shajan,https://github.com/Aebel-Shajan/Aebel-Shajan,https://opengraph.githubassets.com/6de6bd49ede1dc1168c63fdb8d0a6639c2696f8705833a0cf5e3122c4d954c16/Aebel-Shajan/Aebel-Shajan
2025-01-07,1,Aebel-Shajan,https://github.com/Aebel-Shajan/Aebel-Shajan,https://opengraph.githubassets.com/6de6bd49ede1dc1168c63fdb8d0a6639c2696f8705833a0cf5e3122c4d954c16/Aebel-Shajan/Aebel-Shajan
2025-03-23,1,flask-oauth2,https://github.com/Aebel-Shajan/flask-oauth2,https://opengraph.githubassets.com/48069856fbd7bc103ea3325dd3963b0a89dcb16221212b88bc1fcd4b0a7787f5/Aebel-Shajan/flask-oauth2
2025-03-21,4,flask-oauth2,https://github.com/Aebel-Shajan/flask-oauth2,https://opengraph.githubassets.com/48069856fbd7bc103ea3325dd3963b0a89dcb16221212b88bc1fcd4b0a7787f5/Aebel-Shajan/flask-oauth2
2025-03-20,4,flask-oauth2,https://github.com/Aebel-Shajan/flask-oauth2,https://opengraph.githubassets.com/48069856fbd7bc103ea3325dd3963b0a89dcb16221212b88bc1fcd4b0a7787f5/Aebel-Shajan/flask-oauth2
2025-01-26,1,notes,https://github.com/Aebel-Shajan/notes,https://opengraph.githubassets.com/2ce6166ffb3fc3d26649fe42d05aaba3c7b17801e51ef50ec626c8344af68bbf/Aebel-Shajan/notes
2025-01-19,3,notes,https://github.com/Aebel-Shajan/notes,https://opengraph.githubassets.com/2ce6166ffb3fc3d26649fe42d05aaba3c7b17801e51ef50ec626c8344af68bbf/Aebel-Shajan/notes
2025-01-06,2,notes,https://github.com/Aebel-Shajan/notes,https://opengraph.githubassets.com/2ce6166ffb3fc3d26649fe42d05aaba3c7b17801e51ef50ec626c8344af68bbf/Aebel-Shajan/notes
2025-06-11,5,sidepanel-screen-reader,https://github.com/Aebel-Shajan/sidepanel-screen-reader,https://opengraph.githubassets.com/93d09b9a0cea4b19c01c78cec3eeba564f6a4eff9cf7407d8b7689532b024d13/Aebel-Shajan/sidepanel-screen-reader
2025-03-25,2,flask-google-drive-app,https://github.com/Aebel-Shajan/flask-google-drive-app,https://opengraph.githubassets.com/e97ec6a48d480defb828347d55a24ef088dc80ac744641597b0d88c5bc817f3a/Aebel-Shajan/flask-google-drive-app
2025-03-23,2,flask-google-drive-app,https://github.com/Aebel-Shajan/flask-google-drive-app,https://opengraph.githubassets.com/e97ec6a48d480defb828347d55a24ef088dc80ac744641597b0d88c5bc817f3a/Aebel-Shajan/flask-google-drive-app
2025-03-09,1,room,https://github.com/flo-bit/room,https://opengraph.githubassets.com/7f8c9fe75c6c4f071f7affc027090620c9c64c00455d038f7777b6090b286d41/flo-bit/room
