date,start_time,asin,total_reading_minutes,image,number_of_page_flips
2023-09-22,15:57:40,B000FC1JAI,45,https://images.amazon.com/images/P/B000FC1JAI.jpg,45.0
2025-04-08,00:49:13,B002RI9KAE,44,https://images.amazon.com/images/P/B002RI9KAE.jpg,75.0
2025-04-09,20:44:59,B002RI9KAE,30,https://images.amazon.com/images/P/B002RI9KAE.jpg,30.0
2025-04-11,20:52:43,B002RI9KAE,25,https://images.amazon.com/images/P/B002RI9KAE.jpg,36.0
2025-04-12,20:15:51,B002RI9KAE,30,https://images.amazon.com/images/P/B002RI9KAE.jpg,32.0
2025-04-13,18:38:56,B002RI9KAE,151,https://images.amazon.com/images/P/B002RI9KAE.jpg,147.0
2025-04-14,19:40:59,B002RI9KAE,35,https://images.amazon.com/images/P/B002RI9KAE.jpg,41.0
2025-04-15,20:47:49,B002RI9KAE,78,https://images.amazon.com/images/P/B002RI9KAE.jpg,85.0
2025-04-16,20:40:50,B002RI9KAE,23,https://images.amazon.com/images/P/B002RI9KAE.jpg,26.0
2025-04-17,16:52:54,B002RI9KAE,185,https://images.amazon.com/images/P/B002RI9KAE.jpg,204.0
2025-04-18,20:40:59,B002RI9KAE,33,https://images.amazon.com/images/P/B002RI9KAE.jpg,56.0
2025-04-19,22:19:06,B002RI9KAE,37,https://images.amazon.com/images/P/B002RI9KAE.jpg,35.0
2025-04-21,18:12:19,B002RI9KAE,22,https://images.amazon.com/images/P/B002RI9KAE.jpg,29.0
2025-04-22,20:46:58,B002RI9KAE,44,https://images.amazon.com/images/P/B002RI9KAE.jpg,48.0
2025-04-23,13:57:54,B002RI9KAE,321,https://images.amazon.com/images/P/B002RI9KAE.jpg,389.0
2021-07-31,20:24:12,B002U3CBZM,22,https://images.amazon.com/images/P/B002U3CBZM.jpg,56.0
2021-12-29,17:14:45,B002U3CBZM,211,https://images.amazon.com/images/P/B002U3CBZM.jpg,228.0
2021-12-31,21:28:25,B002U3CBZM,49,https://images.amazon.com/images/P/B002U3CBZM.jpg,52.0
2022-01-01,08:27:28,B002U3CBZM,25,https://images.amazon.com/images/P/B002U3CBZM.jpg,34.0
2022-01-02,17:21:50,B002U3CBZM,69,https://images.amazon.com/images/P/B002U3CBZM.jpg,72.0
2022-01-03,05:18:53,B002U3CBZM,149,https://images.amazon.com/images/P/B002U3CBZM.jpg,170.0
2022-01-04,15:33:07,B002U3CBZM,30,https://images.amazon.com/images/P/B002U3CBZM.jpg,45.0
2022-01-05,05:28:33,B002U3CBZM,21,https://images.amazon.com/images/P/B002U3CBZM.jpg,25.0
2022-01-06,21:40:03,B002U3CBZM,45,https://images.amazon.com/images/P/B002U3CBZM.jpg,32.0
2022-01-07,05:17:46,B002U3CBZM,141,https://images.amazon.com/images/P/B002U3CBZM.jpg,104.0
2022-01-09,08:20:43,B002U3CBZM,111,https://images.amazon.com/images/P/B002U3CBZM.jpg,112.0
2022-01-10,01:49:52,B002U3CBZM,68,https://images.amazon.com/images/P/B002U3CBZM.jpg,75.0
2022-01-11,06:35:35,B002U3CBZM,152,https://images.amazon.com/images/P/B002U3CBZM.jpg,56.0
2022-01-12,07:56:57,B002U3CBZM,221,https://images.amazon.com/images/P/B002U3CBZM.jpg,258.0
2022-01-13,07:53:27,B002U3CBZM,20,https://images.amazon.com/images/P/B002U3CBZM.jpg,22.0
2022-01-16,06:00:14,B002U3CBZM,26,https://images.amazon.com/images/P/B002U3CBZM.jpg,38.0
2022-01-18,22:50:02,B002U3CBZM,31,https://images.amazon.com/images/P/B002U3CBZM.jpg,46.0
2022-01-19,21:03:12,B002U3CBZM,20,https://images.amazon.com/images/P/B002U3CBZM.jpg,2.0
2022-01-20,21:20:17,B002U3CBZM,45,https://images.amazon.com/images/P/B002U3CBZM.jpg,64.0
2024-09-20,21:25:20,B002VBV1HC,33,https://images.amazon.com/images/P/B002VBV1HC.jpg,58.0
2024-09-21,20:54:48,B002VBV1HC,44,https://images.amazon.com/images/P/B002VBV1HC.jpg,85.0
2024-09-22,21:42:22,B002VBV1HC,31,https://images.amazon.com/images/P/B002VBV1HC.jpg,45.0
2024-09-23,17:16:28,B002VBV1HC,24,https://images.amazon.com/images/P/B002VBV1HC.jpg,32.0
2024-09-25,18:15:41,B002VBV1HC,40,https://images.amazon.com/images/P/B002VBV1HC.jpg,48.0
2024-09-27,19:54:16,B002VBV1HC,48,https://images.amazon.com/images/P/B002VBV1HC.jpg,40.0
2024-09-28,20:39:42,B002VBV1HC,64,https://images.amazon.com/images/P/B002VBV1HC.jpg,75.0
2024-09-29,16:58:02,B002VBV1HC,99,https://images.amazon.com/images/P/B002VBV1HC.jpg,99.0
2024-09-30,19:56:02,B002VBV1HC,56,https://images.amazon.com/images/P/B002VBV1HC.jpg,58.0
2024-10-02,01:04:38,B002VBV1HC,47,https://images.amazon.com/images/P/B002VBV1HC.jpg,60.0
2024-10-05,23:08:38,B002VBV1HC,33,https://images.amazon.com/images/P/B002VBV1HC.jpg,47.0
2024-10-06,21:45:45,B002VBV1HC,37,https://images.amazon.com/images/P/B002VBV1HC.jpg,40.0
2024-10-07,20:42:57,B002VBV1HC,46,https://images.amazon.com/images/P/B002VBV1HC.jpg,56.0
2024-10-08,20:26:26,B002VBV1HC,97,https://images.amazon.com/images/P/B002VBV1HC.jpg,119.0
2024-10-09,21:53:04,B002VBV1HC,77,https://images.amazon.com/images/P/B002VBV1HC.jpg,78.0
2024-10-10,18:46:33,B002VBV1HC,125,https://images.amazon.com/images/P/B002VBV1HC.jpg,121.0
2024-10-11,19:58:08,B002VBV1HC,80,https://images.amazon.com/images/P/B002VBV1HC.jpg,122.0
2024-10-12,16:13:01,B002VBV1HC,55,https://images.amazon.com/images/P/B002VBV1HC.jpg,63.0
2024-10-13,13:27:35,B002VBV1HC,124,https://images.amazon.com/images/P/B002VBV1HC.jpg,138.0
2024-10-14,20:08:38,B002VBV1HC,103,https://images.amazon.com/images/P/B002VBV1HC.jpg,114.0
2024-10-15,09:15:11,B002VBV1HC,147,https://images.amazon.com/images/P/B002VBV1HC.jpg,142.0
2024-10-16,06:21:22,B002VBV1HC,83,https://images.amazon.com/images/P/B002VBV1HC.jpg,79.0
2024-10-17,19:50:02,B002VBV1HC,97,https://images.amazon.com/images/P/B002VBV1HC.jpg,91.0
2024-10-18,17:02:19,B002VBV1HC,69,https://images.amazon.com/images/P/B002VBV1HC.jpg,54.0
2024-10-19,13:24:53,B002VBV1HC,79,https://images.amazon.com/images/P/B002VBV1HC.jpg,112.0
2024-10-20,22:08:39,B002VBV1HC,31,https://images.amazon.com/images/P/B002VBV1HC.jpg,39.0
2024-10-21,22:29:35,B002VBV1HC,30,https://images.amazon.com/images/P/B002VBV1HC.jpg,30.0
2024-10-22,20:41:16,B002VBV1HC,77,https://images.amazon.com/images/P/B002VBV1HC.jpg,65.0
2024-10-23,03:07:31,B002VBV1HC,126,https://images.amazon.com/images/P/B002VBV1HC.jpg,170.0
2021-05-14,20:24:57,B003GK2180,36,https://images.amazon.com/images/P/B003GK2180.jpg,55.0
2021-05-15,11:51:19,B003GK2180,58,https://images.amazon.com/images/P/B003GK2180.jpg,72.0
2021-05-16,01:40:14,B003GK2180,58,https://images.amazon.com/images/P/B003GK2180.jpg,80.0
2021-05-17,06:28:44,B003GK2180,59,https://images.amazon.com/images/P/B003GK2180.jpg,89.0
2021-05-20,11:46:39,B003GK2180,18,https://images.amazon.com/images/P/B003GK2180.jpg,30.0
2021-05-21,01:08:50,B003GK2180,56,https://images.amazon.com/images/P/B003GK2180.jpg,70.0
2021-05-25,20:49:06,B003GK2180,16,https://images.amazon.com/images/P/B003GK2180.jpg,37.0
2021-05-27,15:01:40,B003GK2180,143,https://images.amazon.com/images/P/B003GK2180.jpg,227.0
2023-10-21,21:22:08,B0041G68Z0,35,https://images.amazon.com/images/P/B0041G68Z0.jpg,45.0
2023-10-22,03:55:49,B0041G68Z0,40,https://images.amazon.com/images/P/B0041G68Z0.jpg,49.0
2024-11-22,17:20:23,B0043M6780,17,https://images.amazon.com/images/P/B0043M6780.jpg,21.0
2024-11-23,21:30:53,B0043M6780,59,https://images.amazon.com/images/P/B0043M6780.jpg,48.0
2024-11-24,21:48:07,B0043M6780,26,https://images.amazon.com/images/P/B0043M6780.jpg,23.0
2024-11-25,00:36:38,B0043M6780,139,https://images.amazon.com/images/P/B0043M6780.jpg,134.0
2024-11-26,22:44:46,B0043M6780,31,https://images.amazon.com/images/P/B0043M6780.jpg,23.0
2024-11-27,08:01:30,B0043M6780,67,https://images.amazon.com/images/P/B0043M6780.jpg,52.0
2024-11-28,21:40:24,B0043M6780,64,https://images.amazon.com/images/P/B0043M6780.jpg,43.0
2024-11-29,22:05:23,B0043M6780,63,https://images.amazon.com/images/P/B0043M6780.jpg,31.0
2024-11-30,00:14:26,B0043M6780,180,https://images.amazon.com/images/P/B0043M6780.jpg,153.0
2024-12-01,10:44:41,B0043M6780,65,https://images.amazon.com/images/P/B0043M6780.jpg,52.0
2024-12-02,00:22:51,B0043M6780,33,https://images.amazon.com/images/P/B0043M6780.jpg,42.0
2024-12-03,00:44:35,B0043M6780,91,https://images.amazon.com/images/P/B0043M6780.jpg,83.0
2024-12-04,22:16:01,B0043M6780,35,https://images.amazon.com/images/P/B0043M6780.jpg,35.0
2024-12-05,01:48:56,B0043M6780,96,https://images.amazon.com/images/P/B0043M6780.jpg,84.0
2024-12-06,21:18:24,B0043M6780,83,https://images.amazon.com/images/P/B0043M6780.jpg,57.0
2024-12-07,20:22:23,B0043M6780,112,https://images.amazon.com/images/P/B0043M6780.jpg,149.0
2024-12-08,00:04:57,B0043M6780,67,https://images.amazon.com/images/P/B0043M6780.jpg,59.0
2024-12-22,23:36:34,B00486U2RS,23,https://images.amazon.com/images/P/B00486U2RS.jpg,29.0
2024-12-23,22:56:42,B00486U2RS,24,https://images.amazon.com/images/P/B00486U2RS.jpg,12.0
2024-12-24,23:06:32,B00486U2RS,42,https://images.amazon.com/images/P/B00486U2RS.jpg,44.0
2024-12-29,16:06:16,B00486U2RS,103,https://images.amazon.com/images/P/B00486U2RS.jpg,91.0
2024-12-31,20:31:43,B00486U2RS,108,https://images.amazon.com/images/P/B00486U2RS.jpg,94.0
2025-01-01,05:56:03,B00486U2RS,115,https://images.amazon.com/images/P/B00486U2RS.jpg,109.0
2025-01-02,00:56:58,B00486U2RS,65,https://images.amazon.com/images/P/B00486U2RS.jpg,61.0
2025-01-04,07:08:58,B00486U2RS,109,https://images.amazon.com/images/P/B00486U2RS.jpg,105.0
2025-01-05,15:48:45,B00486U2RS,219,https://images.amazon.com/images/P/B00486U2RS.jpg,196.0
2025-01-06,00:27:21,B00486U2RS,102,https://images.amazon.com/images/P/B00486U2RS.jpg,91.0
2025-01-07,16:35:06,B00486U2RS,67,https://images.amazon.com/images/P/B00486U2RS.jpg,103.0
2025-01-09,05:44:48,B00486U2RS,85,https://images.amazon.com/images/P/B00486U2RS.jpg,72.0
2025-01-12,18:54:25,B004JHY6OQ,45,https://images.amazon.com/images/P/B004JHY6OQ.jpg,53.0
2025-01-14,21:53:29,B004JHY6OQ,24,https://images.amazon.com/images/P/B004JHY6OQ.jpg,21.0
2025-01-15,21:58:40,B004JHY6OQ,33,https://images.amazon.com/images/P/B004JHY6OQ.jpg,34.0
2025-01-18,23:47:36,B004JHY6OQ,20,https://images.amazon.com/images/P/B004JHY6OQ.jpg,25.0
2025-01-19,00:08:52,B004JHY6OQ,32,https://images.amazon.com/images/P/B004JHY6OQ.jpg,28.0
2025-01-20,21:31:05,B004JHY6OQ,29,https://images.amazon.com/images/P/B004JHY6OQ.jpg,35.0
2025-01-21,21:33:42,B004JHY6OQ,42,https://images.amazon.com/images/P/B004JHY6OQ.jpg,41.0
2025-01-22,21:31:59,B004JHY6OQ,48,https://images.amazon.com/images/P/B004JHY6OQ.jpg,58.0
2025-01-23,02:56:04,B004JHY6OQ,98,https://images.amazon.com/images/P/B004JHY6OQ.jpg,93.0
2025-01-24,05:16:38,B004JHY6OQ,67,https://images.amazon.com/images/P/B004JHY6OQ.jpg,73.0
2025-01-25,15:21:50,B004JHY6OQ,53,https://images.amazon.com/images/P/B004JHY6OQ.jpg,41.0
2025-01-26,22:07:02,B004JHY6OQ,53,https://images.amazon.com/images/P/B004JHY6OQ.jpg,54.0
2025-01-27,22:02:28,B004JHY6OQ,38,https://images.amazon.com/images/P/B004JHY6OQ.jpg,41.0
2025-01-28,01:01:46,B004JHY6OQ,83,https://images.amazon.com/images/P/B004JHY6OQ.jpg,98.0
2025-01-29,21:57:29,B004JHY6OQ,39,https://images.amazon.com/images/P/B004JHY6OQ.jpg,37.0
2025-01-30,05:15:04,B004JHY6OQ,66,https://images.amazon.com/images/P/B004JHY6OQ.jpg,67.0
2025-01-31,21:43:28,B004JHY6OQ,32,https://images.amazon.com/images/P/B004JHY6OQ.jpg,30.0
2025-02-02,22:01:23,B004JHY6OQ,45,https://images.amazon.com/images/P/B004JHY6OQ.jpg,47.0
2025-02-03,05:50:16,B004JHY6OQ,81,https://images.amazon.com/images/P/B004JHY6OQ.jpg,79.0
2025-02-04,21:26:58,B004JHY6OQ,54,https://images.amazon.com/images/P/B004JHY6OQ.jpg,68.0
2025-02-05,22:26:04,B004JHY6OQ,22,https://images.amazon.com/images/P/B004JHY6OQ.jpg,46.0
2025-02-06,21:04:38,B004JHY6OQ,50,https://images.amazon.com/images/P/B004JHY6OQ.jpg,45.0
2025-02-07,22:35:15,B004JHY6OQ,26,https://images.amazon.com/images/P/B004JHY6OQ.jpg,27.0
2025-02-08,13:32:39,B004JHY6OQ,59,https://images.amazon.com/images/P/B004JHY6OQ.jpg,73.0
2025-02-09,00:20:54,B004JHY6OQ,61,https://images.amazon.com/images/P/B004JHY6OQ.jpg,61.0
2022-03-01,10:26:31,B004Z0TU0W,95,https://images.amazon.com/images/P/B004Z0TU0W.jpg,207.0
2022-04-03,09:54:02,B00590YMHI,33,https://images.amazon.com/images/P/B00590YMHI.jpg,61.0
2022-04-04,21:29:23,B00590YMHI,20,https://images.amazon.com/images/P/B00590YMHI.jpg,27.0
2022-04-05,20:52:58,B00590YMHI,28,https://images.amazon.com/images/P/B00590YMHI.jpg,48.0
2022-04-06,15:12:10,B00590YMHI,51,https://images.amazon.com/images/P/B00590YMHI.jpg,97.0
2021-04-19,20:12:42,B005FVNIW6,50,https://images.amazon.com/images/P/B005FVNIW6.jpg,104.0
2021-04-20,20:45:33,B005FVNIW6,37,https://images.amazon.com/images/P/B005FVNIW6.jpg,42.0
2021-04-23,07:18:30,B005FVNIW6,316,https://images.amazon.com/images/P/B005FVNIW6.jpg,376.0
2021-04-24,07:29:45,B005FVNIW6,40,https://images.amazon.com/images/P/B005FVNIW6.jpg,26.0
2021-04-26,07:06:46,B005FVNIW6,109,https://images.amazon.com/images/P/B005FVNIW6.jpg,164.0
2021-04-30,21:36:57,B005FVNIW6,33,https://images.amazon.com/images/P/B005FVNIW6.jpg,68.0
2021-05-01,05:26:20,B005FVNIW6,36,https://images.amazon.com/images/P/B005FVNIW6.jpg,53.0
2021-05-02,10:20:12,B005FVNIW6,143,https://images.amazon.com/images/P/B005FVNIW6.jpg,186.0
2021-05-04,16:48:48,B005IYNQAY,22,https://images.amazon.com/images/P/B005IYNQAY.jpg,65.0
2021-05-05,13:25:22,B005IYNQAY,59,https://images.amazon.com/images/P/B005IYNQAY.jpg,86.0
2021-05-07,23:42:31,B005IYNQAY,26,https://images.amazon.com/images/P/B005IYNQAY.jpg,44.0
2021-05-09,21:58:31,B005IYNQAY,26,https://images.amazon.com/images/P/B005IYNQAY.jpg,46.0
2021-05-10,06:28:51,B005IYNQAY,79,https://images.amazon.com/images/P/B005IYNQAY.jpg,126.0
2021-05-11,19:19:04,B005IYNQAY,84,https://images.amazon.com/images/P/B005IYNQAY.jpg,82.0
2021-05-12,07:30:35,B005IYNQAY,324,https://images.amazon.com/images/P/B005IYNQAY.jpg,393.0
2021-05-13,06:43:11,B005IYNQAY,156,https://images.amazon.com/images/P/B005IYNQAY.jpg,171.0
2021-05-14,15:02:15,B005IYNQAY,58,https://images.amazon.com/images/P/B005IYNQAY.jpg,53.0
2023-10-08,08:41:51,B005LCYR7Y,115,https://images.amazon.com/images/P/B005LCYR7Y.jpg,112.0
2023-10-09,19:18:08,B005LCYR7Y,35,https://images.amazon.com/images/P/B005LCYR7Y.jpg,21.0
2023-10-10,20:43:30,B005LCYR7Y,30,https://images.amazon.com/images/P/B005LCYR7Y.jpg,54.0
2023-10-13,21:37:52,B005LCYR7Y,16,https://images.amazon.com/images/P/B005LCYR7Y.jpg,19.0
2023-10-14,21:33:24,B005LCYR7Y,24,https://images.amazon.com/images/P/B005LCYR7Y.jpg,9.0
2023-10-15,21:25:12,B005LCYR7Y,28,https://images.amazon.com/images/P/B005LCYR7Y.jpg,73.0
2023-10-18,21:05:24,B005LCYR7Y,29,https://images.amazon.com/images/P/B005LCYR7Y.jpg,48.0
2023-10-19,21:10:51,B005LCYR7Y,25,https://images.amazon.com/images/P/B005LCYR7Y.jpg,27.0
2023-10-23,21:24:13,B005LCYR7Y,30,https://images.amazon.com/images/P/B005LCYR7Y.jpg,58.0
2023-10-24,21:47:04,B005LCYR7Y,20,https://images.amazon.com/images/P/B005LCYR7Y.jpg,20.0
2023-10-25,06:46:04,B005LCYR7Y,67,https://images.amazon.com/images/P/B005LCYR7Y.jpg,91.0
2023-10-27,20:51:53,B005LCYR7Y,39,https://images.amazon.com/images/P/B005LCYR7Y.jpg,37.0
2023-10-28,21:03:47,B005LCYR7Y,23,https://images.amazon.com/images/P/B005LCYR7Y.jpg,56.0
2023-10-29,04:04:38,B005LCYR7Y,77,https://images.amazon.com/images/P/B005LCYR7Y.jpg,76.0
2023-10-30,03:18:25,B005LCYR7Y,33,https://images.amazon.com/images/P/B005LCYR7Y.jpg,46.0
2023-10-31,20:05:09,B005LCYR7Y,89,https://images.amazon.com/images/P/B005LCYR7Y.jpg,112.0
2023-11-01,21:41:21,B005LCYR7Y,35,https://images.amazon.com/images/P/B005LCYR7Y.jpg,47.0
2023-11-02,20:28:17,B005LCYR7Y,39,https://images.amazon.com/images/P/B005LCYR7Y.jpg,40.0
2023-11-03,21:18:13,B005LCYR7Y,53,https://images.amazon.com/images/P/B005LCYR7Y.jpg,43.0
2023-11-04,22:00:51,B005LCYR7Y,21,https://images.amazon.com/images/P/B005LCYR7Y.jpg,21.0
2023-11-05,05:28:24,B005LCYR7Y,105,https://images.amazon.com/images/P/B005LCYR7Y.jpg,85.0
2023-11-06,21:23:27,B005LCYR7Y,41,https://images.amazon.com/images/P/B005LCYR7Y.jpg,57.0
2023-11-07,20:33:10,B005LCYR7Y,77,https://images.amazon.com/images/P/B005LCYR7Y.jpg,78.0
2023-11-09,21:09:50,B005LCYR7Y,19,https://images.amazon.com/images/P/B005LCYR7Y.jpg,17.0
2023-11-10,21:10:59,B005LCYR7Y,74,https://images.amazon.com/images/P/B005LCYR7Y.jpg,57.0
2023-11-11,22:13:50,B005LCYR7Y,49,https://images.amazon.com/images/P/B005LCYR7Y.jpg,57.0
2023-11-12,22:36:34,B005LCYR7Y,18,https://images.amazon.com/images/P/B005LCYR7Y.jpg,11.0
2023-11-15,22:10:38,B005LCYR7Y,22,https://images.amazon.com/images/P/B005LCYR7Y.jpg,38.0
2023-11-19,20:21:10,B005LCYR7Y,44,https://images.amazon.com/images/P/B005LCYR7Y.jpg,66.0
2023-11-21,00:39:45,B005LCYR7Y,39,https://images.amazon.com/images/P/B005LCYR7Y.jpg,51.0
2023-11-23,22:12:06,B005LCYR7Y,27,https://images.amazon.com/images/P/B005LCYR7Y.jpg,26.0
2023-11-24,23:20:13,B005LCYR7Y,17,https://images.amazon.com/images/P/B005LCYR7Y.jpg,30.0
2023-11-25,07:55:08,B005LCYR7Y,82,https://images.amazon.com/images/P/B005LCYR7Y.jpg,72.0
2023-11-26,08:12:00,B005LCYR7Y,72,https://images.amazon.com/images/P/B005LCYR7Y.jpg,58.0
2023-11-27,15:10:13,B005LCYR7Y,111,https://images.amazon.com/images/P/B005LCYR7Y.jpg,177.0
2023-11-28,21:53:18,B005LCYR7Y,47,https://images.amazon.com/images/P/B005LCYR7Y.jpg,39.0
2023-11-29,17:14:00,B005LCYR7Y,77,https://images.amazon.com/images/P/B005LCYR7Y.jpg,78.0
2023-11-30,00:12:59,B005LCYR7Y,91,https://images.amazon.com/images/P/B005LCYR7Y.jpg,96.0
2023-12-01,23:15:42,B005LCYR7Y,46,https://images.amazon.com/images/P/B005LCYR7Y.jpg,40.0
2023-12-02,23:54:47,B005LCYR7Y,32,https://images.amazon.com/images/P/B005LCYR7Y.jpg,26.0
2023-12-03,08:17:23,B005LCYR7Y,65,https://images.amazon.com/images/P/B005LCYR7Y.jpg,64.0
2021-01-25,20:45:53,B0064CPN7I,27,https://images.amazon.com/images/P/B0064CPN7I.jpg,60.0
2021-01-31,21:45:32,B0064CPN7I,21,https://images.amazon.com/images/P/B0064CPN7I.jpg,17.0
2021-02-07,21:29:39,B0064CPN7I,29,https://images.amazon.com/images/P/B0064CPN7I.jpg,26.0
2021-02-08,20:51:59,B0064CPN7I,26,https://images.amazon.com/images/P/B0064CPN7I.jpg,15.0
2021-02-11,21:38:15,B0064CPN7I,19,https://images.amazon.com/images/P/B0064CPN7I.jpg,16.0
2021-02-12,13:12:27,B0064CPN7I,52,https://images.amazon.com/images/P/B0064CPN7I.jpg,45.0
2021-02-15,09:16:59,B0064CPN7I,17,https://images.amazon.com/images/P/B0064CPN7I.jpg,35.0
2021-02-16,08:21:35,B0064CPN7I,68,https://images.amazon.com/images/P/B0064CPN7I.jpg,49.0
2021-02-18,16:11:44,B0064CPN7I,23,https://images.amazon.com/images/P/B0064CPN7I.jpg,22.0
2021-02-20,03:48:24,B0064CPN7I,60,https://images.amazon.com/images/P/B0064CPN7I.jpg,47.0
2021-02-22,21:19:48,B0064CPN7I,17,https://images.amazon.com/images/P/B0064CPN7I.jpg,11.0
2021-02-23,14:02:12,B0064CPN7I,19,https://images.amazon.com/images/P/B0064CPN7I.jpg,17.0
2021-02-27,21:30:14,B0064CPN7I,24,https://images.amazon.com/images/P/B0064CPN7I.jpg,19.0
2021-03-01,20:56:13,B0064CPN7I,36,https://images.amazon.com/images/P/B0064CPN7I.jpg,122.0
2024-11-10,20:53:12,B007HLIUN4,43,https://images.amazon.com/images/P/B007HLIUN4.jpg,69.0
2024-11-11,22:28:56,B007HLIUN4,29,https://images.amazon.com/images/P/B007HLIUN4.jpg,34.0
2024-11-12,20:46:35,B007HLIUN4,92,https://images.amazon.com/images/P/B007HLIUN4.jpg,136.0
2024-11-13,22:03:10,B007HLIUN4,49,https://images.amazon.com/images/P/B007HLIUN4.jpg,41.0
2024-11-14,22:02:41,B007HLIUN4,80,https://images.amazon.com/images/P/B007HLIUN4.jpg,82.0
2024-11-15,08:25:11,B007HLIUN4,85,https://images.amazon.com/images/P/B007HLIUN4.jpg,102.0
2024-11-16,21:46:11,B007HLIUN4,66,https://images.amazon.com/images/P/B007HLIUN4.jpg,84.0
2024-11-17,21:24:18,B007HLIUN4,114,https://images.amazon.com/images/P/B007HLIUN4.jpg,103.0
2024-11-18,13:15:08,B007HLIUN4,179,https://images.amazon.com/images/P/B007HLIUN4.jpg,128.0
2024-11-19,23:01:29,B007HLIUN4,25,https://images.amazon.com/images/P/B007HLIUN4.jpg,20.0
2024-11-20,21:14:38,B007HLIUN4,72,https://images.amazon.com/images/P/B007HLIUN4.jpg,74.0
2024-11-21,07:43:52,B007HLIUN4,91,https://images.amazon.com/images/P/B007HLIUN4.jpg,105.0
2024-11-22,13:03:07,B007HLIUN4,21,https://images.amazon.com/images/P/B007HLIUN4.jpg,40.0
2023-09-11,15:01:12,B008TVFXMM,28,https://images.amazon.com/images/P/B008TVFXMM.jpg,34.0
2023-09-12,20:21:30,B008TVFXMM,21,https://images.amazon.com/images/P/B008TVFXMM.jpg,20.0
2023-09-14,20:18:09,B008TVFXMM,33,https://images.amazon.com/images/P/B008TVFXMM.jpg,33.0
2023-09-15,20:08:29,B008TVFXMM,40,https://images.amazon.com/images/P/B008TVFXMM.jpg,50.0
2023-09-17,03:15:58,B008TVFXMM,127,https://images.amazon.com/images/P/B008TVFXMM.jpg,136.0
2023-12-13,21:47:26,B00GIUG3ES,28,https://images.amazon.com/images/P/B00GIUG3ES.jpg,47.0
2023-12-14,22:27:19,B00GIUG3ES,19,https://images.amazon.com/images/P/B00GIUG3ES.jpg,13.0
2023-12-22,23:10:00,B00GIUG3ES,20,https://images.amazon.com/images/P/B00GIUG3ES.jpg,29.0
2023-12-23,22:59:11,B00GIUG3ES,23,https://images.amazon.com/images/P/B00GIUG3ES.jpg,18.0
2023-12-24,23:43:06,B00GIUG3ES,18,https://images.amazon.com/images/P/B00GIUG3ES.jpg,12.0
2023-12-26,02:42:59,B00GIUG3ES,21,https://images.amazon.com/images/P/B00GIUG3ES.jpg,8.0
2023-12-27,22:34:52,B00GIUG3ES,29,https://images.amazon.com/images/P/B00GIUG3ES.jpg,36.0
2023-12-28,15:52:37,B00GIUG3ES,63,https://images.amazon.com/images/P/B00GIUG3ES.jpg,54.0
2023-12-29,01:07:19,B00GIUG3ES,60,https://images.amazon.com/images/P/B00GIUG3ES.jpg,57.0
2023-12-30,20:59:36,B00GIUG3ES,74,https://images.amazon.com/images/P/B00GIUG3ES.jpg,57.0
2023-12-31,02:01:01,B00GIUG3ES,72,https://images.amazon.com/images/P/B00GIUG3ES.jpg,28.0
2024-01-02,02:11:05,B00GIUG3ES,50,https://images.amazon.com/images/P/B00GIUG3ES.jpg,41.0
2024-01-03,20:49:20,B00GIUG3ES,243,https://images.amazon.com/images/P/B00GIUG3ES.jpg,129.0
2024-01-05,00:53:24,B00GIUG3ES,502,https://images.amazon.com/images/P/B00GIUG3ES.jpg,280.0
2022-01-25,21:21:31,B00K7ED54M,60,https://images.amazon.com/images/P/B00K7ED54M.jpg,87.0
2022-01-26,06:21:54,B00K7ED54M,102,https://images.amazon.com/images/P/B00K7ED54M.jpg,113.0
2022-01-28,20:29:05,B00K7ED54M,38,https://images.amazon.com/images/P/B00K7ED54M.jpg,48.0
2022-01-29,12:40:40,B00K7ED54M,87,https://images.amazon.com/images/P/B00K7ED54M.jpg,67.0
2022-01-31,21:17:08,B00K7ED54M,19,https://images.amazon.com/images/P/B00K7ED54M.jpg,19.0
2022-02-01,10:44:02,B00K7ED54M,79,https://images.amazon.com/images/P/B00K7ED54M.jpg,96.0
2022-02-02,07:27:50,B00K7ED54M,19,https://images.amazon.com/images/P/B00K7ED54M.jpg,21.0
2022-02-04,22:06:14,B00K7ED54M,15,https://images.amazon.com/images/P/B00K7ED54M.jpg,20.0
2022-02-10,20:45:49,B00K7ED54M,29,https://images.amazon.com/images/P/B00K7ED54M.jpg,36.0
2022-02-12,16:18:41,B00K7ED54M,25,https://images.amazon.com/images/P/B00K7ED54M.jpg,46.0
2022-02-14,14:59:08,B00K7ED54M,57,https://images.amazon.com/images/P/B00K7ED54M.jpg,59.0
2022-02-15,22:23:32,B00K7ED54M,26,https://images.amazon.com/images/P/B00K7ED54M.jpg,78.0
2022-02-17,22:10:46,B00K7ED54M,25,https://images.amazon.com/images/P/B00K7ED54M.jpg,25.0
2022-02-18,22:06:38,B00K7ED54M,20,https://images.amazon.com/images/P/B00K7ED54M.jpg,52.0
2022-02-21,00:53:29,B00K7ED54M,49,https://images.amazon.com/images/P/B00K7ED54M.jpg,54.0
2022-02-23,21:42:46,B00K7ED54M,36,https://images.amazon.com/images/P/B00K7ED54M.jpg,66.0
2022-02-24,22:52:50,B00K7ED54M,20,https://images.amazon.com/images/P/B00K7ED54M.jpg,19.0
2022-02-25,22:50:02,B00K7ED54M,40,https://images.amazon.com/images/P/B00K7ED54M.jpg,33.0
2022-02-26,12:27:30,B00K7ED54M,59,https://images.amazon.com/images/P/B00K7ED54M.jpg,90.0
2022-02-27,14:30:01,B00K7ED54M,39,https://images.amazon.com/images/P/B00K7ED54M.jpg,42.0
2022-03-01,00:01:14,B00K7ED54M,93,https://images.amazon.com/images/P/B00K7ED54M.jpg,237.0
2023-05-02,22:20:16,B00N2AH8NW,19,https://images.amazon.com/images/P/B00N2AH8NW.jpg,84.0
2023-05-03,21:47:24,B00N2AH8NW,21,https://images.amazon.com/images/P/B00N2AH8NW.jpg,84.0
2024-01-06,02:09:49,B00N9AVETO,156,https://images.amazon.com/images/P/B00N9AVETO.jpg,118.0
2024-01-07,05:58:24,B00N9AVETO,260,https://images.amazon.com/images/P/B00N9AVETO.jpg,198.0
2024-01-08,00:13:24,B00N9AVETO,92,https://images.amazon.com/images/P/B00N9AVETO.jpg,88.0
2024-01-09,20:37:29,B00N9AVETO,16,https://images.amazon.com/images/P/B00N9AVETO.jpg,22.0
2024-01-10,23:36:02,B00N9AVETO,44,https://images.amazon.com/images/P/B00N9AVETO.jpg,37.0
2024-01-12,00:27:58,B00N9AVETO,124,https://images.amazon.com/images/P/B00N9AVETO.jpg,125.0
2024-01-13,16:20:09,B00N9AVETO,87,https://images.amazon.com/images/P/B00N9AVETO.jpg,61.0
2024-01-14,09:08:51,B00N9AVETO,121,https://images.amazon.com/images/P/B00N9AVETO.jpg,92.0
2024-01-15,00:24:37,B00N9AVETO,128,https://images.amazon.com/images/P/B00N9AVETO.jpg,112.0
2024-01-16,01:06:25,B00X61MXTG,132,https://images.amazon.com/images/P/B00X61MXTG.jpg,124.0
2024-01-17,21:49:51,B00X61MXTG,79,https://images.amazon.com/images/P/B00X61MXTG.jpg,54.0
2024-01-18,17:49:10,B00X61MXTG,167,https://images.amazon.com/images/P/B00X61MXTG.jpg,139.0
2024-01-19,20:58:31,B00X61MXTG,91,https://images.amazon.com/images/P/B00X61MXTG.jpg,99.0
2024-01-20,21:10:31,B00X61MXTG,60,https://images.amazon.com/images/P/B00X61MXTG.jpg,55.0
2024-01-22,10:38:56,B00X61MXTG,30,https://images.amazon.com/images/P/B00X61MXTG.jpg,23.0
2024-01-23,23:17:02,B00X61MXTG,28,https://images.amazon.com/images/P/B00X61MXTG.jpg,22.0
2024-01-24,20:22:25,B00X61MXTG,115,https://images.amazon.com/images/P/B00X61MXTG.jpg,93.0
2024-01-27,22:54:00,B00X61MXTG,19,https://images.amazon.com/images/P/B00X61MXTG.jpg,14.0
2024-01-30,22:29:17,B00X61MXTG,17,https://images.amazon.com/images/P/B00X61MXTG.jpg,27.0
2024-01-31,08:15:38,B00X61MXTG,104,https://images.amazon.com/images/P/B00X61MXTG.jpg,73.0
2024-02-01,07:44:19,B00X61MXTG,40,https://images.amazon.com/images/P/B00X61MXTG.jpg,33.0
2024-02-04,00:29:16,B00X61MXTG,91,https://images.amazon.com/images/P/B00X61MXTG.jpg,83.0
2024-02-05,22:16:55,B00X61MXTG,37,https://images.amazon.com/images/P/B00X61MXTG.jpg,31.0
2024-02-06,23:04:22,B00X61MXTG,19,https://images.amazon.com/images/P/B00X61MXTG.jpg,18.0
2024-02-10,22:40:03,B00X61MXTG,74,https://images.amazon.com/images/P/B00X61MXTG.jpg,52.0
2024-02-11,08:03:12,B00X61MXTG,44,https://images.amazon.com/images/P/B00X61MXTG.jpg,30.0
2022-03-29,14:29:53,B00Y16BEM2,91,https://images.amazon.com/images/P/B00Y16BEM2.jpg,106.0
2022-03-30,21:45:56,B00Y16BEM2,17,https://images.amazon.com/images/P/B00Y16BEM2.jpg,28.0
2022-04-02,16:19:03,B00Y16BEM2,122,https://images.amazon.com/images/P/B00Y16BEM2.jpg,124.0
2022-04-03,10:41:48,B00Y16BEM2,52,https://images.amazon.com/images/P/B00Y16BEM2.jpg,59.0
2022-04-05,21:21:15,B00Y16BEM2,44,https://images.amazon.com/images/P/B00Y16BEM2.jpg,27.0
2022-04-06,13:38:38,B00Y16BEM2,133,https://images.amazon.com/images/P/B00Y16BEM2.jpg,176.0
2022-04-07,06:07:53,B00Y16BEM2,122,https://images.amazon.com/images/P/B00Y16BEM2.jpg,168.0
2022-04-13,22:42:16,B00Y16BEM2,38,https://images.amazon.com/images/P/B00Y16BEM2.jpg,22.0
2022-04-15,22:06:43,B00Y16BEM2,26,https://images.amazon.com/images/P/B00Y16BEM2.jpg,25.0
2022-04-16,06:26:41,B00Y16BEM2,38,https://images.amazon.com/images/P/B00Y16BEM2.jpg,31.0
2022-01-03,19:50:02,B012UTQ6CY,78,https://images.amazon.com/images/P/B012UTQ6CY.jpg,121.0
2023-07-09,20:04:18,B017MZ8EBM,34,https://images.amazon.com/images/P/B017MZ8EBM.jpg,56.0
2022-03-03,08:24:13,B019CGXTP0,105,https://images.amazon.com/images/P/B019CGXTP0.jpg,275.0
2022-03-09,13:59:15,B019CGXTP0,27,https://images.amazon.com/images/P/B019CGXTP0.jpg,28.0
2022-05-10,20:55:01,B019CGXTP0,25,https://images.amazon.com/images/P/B019CGXTP0.jpg,35.0
2023-03-26,23:06:11,B019CGXTP0,20,https://images.amazon.com/images/P/B019CGXTP0.jpg,34.0
2023-10-07,21:27:29,B019CGXTP0,19,https://images.amazon.com/images/P/B019CGXTP0.jpg,20.0
2023-12-04,23:54:34,B019CGXTP0,17,https://images.amazon.com/images/P/B019CGXTP0.jpg,27.0
2023-12-06,21:26:00,B019CGXTP0,33,https://images.amazon.com/images/P/B019CGXTP0.jpg,37.0
2023-12-07,21:12:58,B019CGXTP0,24,https://images.amazon.com/images/P/B019CGXTP0.jpg,18.0
2023-12-08,23:08:40,B019CGXTP0,23,https://images.amazon.com/images/P/B019CGXTP0.jpg,50.0
2023-12-10,16:26:18,B019CGXTP0,15,https://images.amazon.com/images/P/B019CGXTP0.jpg,11.0
2024-02-23,22:03:19,B019CGXTP0,34,https://images.amazon.com/images/P/B019CGXTP0.jpg,24.0
2024-02-24,09:14:16,B019CGXTP0,42,https://images.amazon.com/images/P/B019CGXTP0.jpg,35.0
2024-03-18,21:51:37,B019CGXTP0,54,https://images.amazon.com/images/P/B019CGXTP0.jpg,39.0
2024-03-23,21:45:57,B019CGXTP0,33,https://images.amazon.com/images/P/B019CGXTP0.jpg,44.0
2024-04-06,14:42:28,B019CGXTP0,38,https://images.amazon.com/images/P/B019CGXTP0.jpg,32.0
2024-04-10,21:20:24,B019CGXTP0,30,https://images.amazon.com/images/P/B019CGXTP0.jpg,30.0
2024-04-21,19:40:17,B019CGXTP0,26,https://images.amazon.com/images/P/B019CGXTP0.jpg,28.0
2024-04-22,21:06:56,B019CGXTP0,27,https://images.amazon.com/images/P/B019CGXTP0.jpg,41.0
2024-04-25,21:33:01,B019CGXTP0,26,https://images.amazon.com/images/P/B019CGXTP0.jpg,18.0
2024-04-26,00:31:19,B019CGXTP0,47,https://images.amazon.com/images/P/B019CGXTP0.jpg,37.0
2024-04-28,17:26:13,B019CGXTP0,140,https://images.amazon.com/images/P/B019CGXTP0.jpg,105.0
2024-04-30,21:50:42,B019CGXTP0,26,https://images.amazon.com/images/P/B019CGXTP0.jpg,56.0
2024-05-01,20:51:45,B019CGXTP0,32,https://images.amazon.com/images/P/B019CGXTP0.jpg,22.0
2024-05-04,21:44:12,B019CGXTP0,21,https://images.amazon.com/images/P/B019CGXTP0.jpg,16.0
2024-05-06,17:19:35,B019CGXTP0,36,https://images.amazon.com/images/P/B019CGXTP0.jpg,26.0
2024-05-07,21:46:00,B019CGXTP0,19,https://images.amazon.com/images/P/B019CGXTP0.jpg,16.0
2024-05-08,20:15:55,B019CGXTP0,21,https://images.amazon.com/images/P/B019CGXTP0.jpg,39.0
2023-09-26,21:31:15,B01BKS2X0K,17,https://images.amazon.com/images/P/B01BKS2X0K.jpg,25.0
2023-10-01,17:20:06,B01BKS2X0K,26,https://images.amazon.com/images/P/B01BKS2X0K.jpg,37.0
2025-02-23,21:19:25,B01BKS2X0K,38,https://images.amazon.com/images/P/B01BKS2X0K.jpg,46.0
2025-02-24,21:08:07,B01BKS2X0K,59,https://images.amazon.com/images/P/B01BKS2X0K.jpg,64.0
2025-02-25,21:56:41,B01BKS2X0K,23,https://images.amazon.com/images/P/B01BKS2X0K.jpg,20.0
2025-02-26,20:43:26,B01BKS2X0K,55,https://images.amazon.com/images/P/B01BKS2X0K.jpg,75.0
2025-02-27,20:57:19,B01BKS2X0K,60,https://images.amazon.com/images/P/B01BKS2X0K.jpg,66.0
2025-02-28,22:59:57,B01BKS2X0K,17,https://images.amazon.com/images/P/B01BKS2X0K.jpg,21.0
2025-03-01,22:32:51,B01BKS2X0K,35,https://images.amazon.com/images/P/B01BKS2X0K.jpg,46.0
2025-03-02,09:35:13,B01BKS2X0K,70,https://images.amazon.com/images/P/B01BKS2X0K.jpg,84.0
2025-03-03,21:50:53,B01BKS2X0K,27,https://images.amazon.com/images/P/B01BKS2X0K.jpg,41.0
2025-03-04,22:50:40,B01BKS2X0K,16,https://images.amazon.com/images/P/B01BKS2X0K.jpg,16.0
2025-03-05,21:37:55,B01BKS2X0K,52,https://images.amazon.com/images/P/B01BKS2X0K.jpg,56.0
2025-03-06,00:11:29,B01BKS2X0K,40,https://images.amazon.com/images/P/B01BKS2X0K.jpg,37.0
2025-03-07,19:14:53,B01BKS2X0K,18,https://images.amazon.com/images/P/B01BKS2X0K.jpg,11.0
2025-03-08,12:31:01,B01BKS2X0K,65,https://images.amazon.com/images/P/B01BKS2X0K.jpg,97.0
2025-03-09,07:17:23,B01BKS2X0K,59,https://images.amazon.com/images/P/B01BKS2X0K.jpg,64.0
2024-12-13,15:52:46,B01GNJ5RWM,33,https://images.amazon.com/images/P/B01GNJ5RWM.jpg,34.0
2024-12-14,14:45:58,B01GNJ5RWM,150,https://images.amazon.com/images/P/B01GNJ5RWM.jpg,139.0
2024-12-16,22:00:07,B01GNJ5RWM,95,https://images.amazon.com/images/P/B01GNJ5RWM.jpg,80.0
2024-05-27,21:29:56,B01N5AX61W,20,https://images.amazon.com/images/P/B01N5AX61W.jpg,24.0
2024-05-28,23:04:36,B01N5AX61W,15,https://images.amazon.com/images/P/B01N5AX61W.jpg,16.0
2024-05-29,23:17:47,B01N5AX61W,23,https://images.amazon.com/images/P/B01N5AX61W.jpg,18.0
2024-05-31,21:37:50,B01N5AX61W,17,https://images.amazon.com/images/P/B01N5AX61W.jpg,30.0
2024-10-24,22:14:18,B01N5AX61W,28,https://images.amazon.com/images/P/B01N5AX61W.jpg,38.0
2024-12-10,20:37:55,B01N5AX61W,66,https://images.amazon.com/images/P/B01N5AX61W.jpg,82.0
2024-12-11,22:01:38,B01N5AX61W,55,https://images.amazon.com/images/P/B01N5AX61W.jpg,74.0
2024-12-12,21:25:41,B01N5AX61W,41,https://images.amazon.com/images/P/B01N5AX61W.jpg,41.0
2022-01-17,00:53:53,B06XCS5CY8,59,https://images.amazon.com/images/P/B06XCS5CY8.jpg,84.0
2023-05-13,22:40:42,B0752ZLG34,15,https://images.amazon.com/images/P/B0752ZLG34.jpg,13.0
2023-03-22,14:17:47,B077G8FXDP,22,https://images.amazon.com/images/P/B077G8FXDP.jpg,48.0
2022-01-29,08:14:08,B07B3LLRSH,41,https://images.amazon.com/images/P/B07B3LLRSH.jpg,39.0
2025-03-27,22:31:41,B07B5WBFLT,21,https://images.amazon.com/images/P/B07B5WBFLT.jpg,23.0
2025-03-28,21:49:32,B07B5WBFLT,23,https://images.amazon.com/images/P/B07B5WBFLT.jpg,25.0
2025-03-29,12:41:21,B07B5WBFLT,294,https://images.amazon.com/images/P/B07B5WBFLT.jpg,297.0
2025-03-30,22:02:10,B07B5WBFLT,27,https://images.amazon.com/images/P/B07B5WBFLT.jpg,35.0
2025-03-31,07:05:40,B07B5WBFLT,135,https://images.amazon.com/images/P/B07B5WBFLT.jpg,165.0
2025-04-28,22:02:47,B07B5X9WTZ,31,https://images.amazon.com/images/P/B07B5X9WTZ.jpg,24.0
2025-04-29,00:08:03,B07B5X9WTZ,85,https://images.amazon.com/images/P/B07B5X9WTZ.jpg,84.0
2025-04-30,22:23:32,B07B5X9WTZ,21,https://images.amazon.com/images/P/B07B5X9WTZ.jpg,36.0
2025-05-01,06:30:19,B07B5X9WTZ,98,https://images.amazon.com/images/P/B07B5X9WTZ.jpg,104.0
2021-11-13,18:10:41,B07B5ZQN2C,100,https://images.amazon.com/images/P/B07B5ZQN2C.jpg,72.0
2021-11-14,13:15:46,B07B5ZQN2C,82,https://images.amazon.com/images/P/B07B5ZQN2C.jpg,41.0
2021-11-15,20:40:23,B07B5ZQN2C,48,https://images.amazon.com/images/P/B07B5ZQN2C.jpg,50.0
2021-11-17,20:37:36,B07B5ZQN2C,21,https://images.amazon.com/images/P/B07B5ZQN2C.jpg,48.0
2021-11-18,21:54:45,B07B5ZQN2C,18,https://images.amazon.com/images/P/B07B5ZQN2C.jpg,10.0
2021-11-21,21:32:58,B07B5ZQN2C,25,https://images.amazon.com/images/P/B07B5ZQN2C.jpg,43.0
2021-11-30,22:24:57,B07B5ZQN2C,72,https://images.amazon.com/images/P/B07B5ZQN2C.jpg,118.0
2021-12-13,22:01:32,B07B5ZQN2C,17,https://images.amazon.com/images/P/B07B5ZQN2C.jpg,22.0
2021-12-27,21:37:10,B07B5ZQN2C,126,https://images.amazon.com/images/P/B07B5ZQN2C.jpg,182.0
2021-12-28,09:10:42,B07B5ZQN2C,150,https://images.amazon.com/images/P/B07B5ZQN2C.jpg,233.0
2025-03-31,17:35:27,B07B64BHFS,27,https://images.amazon.com/images/P/B07B64BHFS.jpg,27.0
2025-04-01,21:21:03,B07B64BHFS,23,https://images.amazon.com/images/P/B07B64BHFS.jpg,25.0
2025-04-02,20:34:50,B07B64BHFS,39,https://images.amazon.com/images/P/B07B64BHFS.jpg,50.0
2025-04-03,22:16:44,B07B64BHFS,21,https://images.amazon.com/images/P/B07B64BHFS.jpg,24.0
2025-04-04,20:53:50,B07B64BHFS,53,https://images.amazon.com/images/P/B07B64BHFS.jpg,70.0
2025-04-05,21:17:01,B07B64BHFS,29,https://images.amazon.com/images/P/B07B64BHFS.jpg,29.0
2025-04-06,17:45:10,B07B64BHFS,175,https://images.amazon.com/images/P/B07B64BHFS.jpg,189.0
2025-04-07,18:43:07,B07B64BHFS,142,https://images.amazon.com/images/P/B07B64BHFS.jpg,148.0
2021-07-10,21:58:50,B07CS9MZMG,26,https://images.amazon.com/images/P/B07CS9MZMG.jpg,48.0
2021-07-12,10:53:39,B07CS9MZMG,42,https://images.amazon.com/images/P/B07CS9MZMG.jpg,82.0
2022-01-03,10:47:26,B07D1G6DTF,129,https://images.amazon.com/images/P/B07D1G6DTF.jpg,186.0
2023-10-01,20:43:09,B07D1G6DTF,24,https://images.amazon.com/images/P/B07D1G6DTF.jpg,38.0
2023-10-02,02:32:28,B07D1G6DTF,208,https://images.amazon.com/images/P/B07D1G6DTF.jpg,215.0
2024-12-17,21:52:58,B07D1G6DTF,53,https://images.amazon.com/images/P/B07D1G6DTF.jpg,41.0
2024-12-18,22:03:56,B07D1G6DTF,63,https://images.amazon.com/images/P/B07D1G6DTF.jpg,77.0
2024-12-20,00:02:22,B07D1G6DTF,28,https://images.amazon.com/images/P/B07D1G6DTF.jpg,64.0
2024-12-21,01:16:31,B07D1G6DTF,30,https://images.amazon.com/images/P/B07D1G6DTF.jpg,60.0
2025-02-09,21:12:40,B07VRS84D1,16,https://images.amazon.com/images/P/B07VRS84D1.jpg,33.0
2025-02-10,21:17:13,B07VRS84D1,46,https://images.amazon.com/images/P/B07VRS84D1.jpg,98.0
2025-02-11,21:56:54,B07VRS84D1,60,https://images.amazon.com/images/P/B07VRS84D1.jpg,135.0
2025-02-12,21:27:10,B07VRS84D1,73,https://images.amazon.com/images/P/B07VRS84D1.jpg,130.0
2025-02-14,23:00:25,B07VRS84D1,25,https://images.amazon.com/images/P/B07VRS84D1.jpg,58.0
2025-02-15,22:01:53,B07VRS84D1,41,https://images.amazon.com/images/P/B07VRS84D1.jpg,115.0
2025-02-16,21:51:05,B07VRS84D1,36,https://images.amazon.com/images/P/B07VRS84D1.jpg,94.0
2025-02-17,11:50:25,B07VRS84D1,130,https://images.amazon.com/images/P/B07VRS84D1.jpg,328.0
2025-02-19,21:59:08,B07VRS84D1,44,https://images.amazon.com/images/P/B07VRS84D1.jpg,82.0
2025-02-20,22:26:07,B07VRS84D1,30,https://images.amazon.com/images/P/B07VRS84D1.jpg,84.0
2023-09-03,20:50:21,B07W9LYXD9,16,https://images.amazon.com/images/P/B07W9LYXD9.jpg,56.0
2023-09-08,19:13:48,B07W9LYXD9,57,https://images.amazon.com/images/P/B07W9LYXD9.jpg,9.0
2023-09-09,20:54:53,B07W9LYXD9,75,https://images.amazon.com/images/P/B07W9LYXD9.jpg,97.0
2023-09-10,19:19:23,B07W9LYXD9,45,https://images.amazon.com/images/P/B07W9LYXD9.jpg,39.0
2024-02-15,23:43:36,B07ZH244RZ,21,https://images.amazon.com/images/P/B07ZH244RZ.jpg,28.0
2024-02-16,05:35:19,B07ZH244RZ,17,https://images.amazon.com/images/P/B07ZH244RZ.jpg,15.0
2023-10-03,00:27:23,B0863CKDFQ,73,https://images.amazon.com/images/P/B0863CKDFQ.jpg,68.0
2023-10-05,13:41:01,B0863CKDFQ,82,https://images.amazon.com/images/P/B0863CKDFQ.jpg,99.0
2023-10-06,20:48:55,B0863CKDFQ,20,https://images.amazon.com/images/P/B0863CKDFQ.jpg,19.0
2023-10-07,06:31:39,B0863CKDFQ,202,https://images.amazon.com/images/P/B0863CKDFQ.jpg,189.0
2023-05-04,21:29:15,B08CZX8334,40,https://images.amazon.com/images/P/B08CZX8334.jpg,41.0
2023-05-06,22:16:55,B08CZX8334,62,https://images.amazon.com/images/P/B08CZX8334.jpg,52.0
2023-05-07,07:49:11,B08CZX8334,96,https://images.amazon.com/images/P/B08CZX8334.jpg,81.0
2024-11-02,20:56:29,B08FFJS3YW,90,https://images.amazon.com/images/P/B08FFJS3YW.jpg,119.0
2024-11-03,18:16:48,B08FFJS3YW,37,https://images.amazon.com/images/P/B08FFJS3YW.jpg,43.0
2024-11-04,20:29:27,B08FFJS3YW,126,https://images.amazon.com/images/P/B08FFJS3YW.jpg,130.0
2024-11-05,18:05:55,B08FFJS3YW,114,https://images.amazon.com/images/P/B08FFJS3YW.jpg,132.0
2024-11-06,13:22:31,B08FFJS3YW,72,https://images.amazon.com/images/P/B08FFJS3YW.jpg,86.0
2024-11-07,21:08:56,B08FFJS3YW,100,https://images.amazon.com/images/P/B08FFJS3YW.jpg,114.0
2024-11-08,21:45:47,B08FFJS3YW,131,https://images.amazon.com/images/P/B08FFJS3YW.jpg,107.0
2024-11-09,07:34:21,B08FFJS3YW,62,https://images.amazon.com/images/P/B08FFJS3YW.jpg,76.0
2024-11-10,11:53:36,B08FFJS3YW,49,https://images.amazon.com/images/P/B08FFJS3YW.jpg,60.0
2022-03-29,16:45:52,B08JV3W3VC,90,https://images.amazon.com/images/P/B08JV3W3VC.jpg,149.0
2022-04-02,18:59:19,B08JV3W3VC,15,https://images.amazon.com/images/P/B08JV3W3VC.jpg,8.0
2022-04-06,19:42:10,B08JV3W3VC,53,https://images.amazon.com/images/P/B08JV3W3VC.jpg,81.0
2022-04-07,06:08:48,B08JV3W3VC,48,https://images.amazon.com/images/P/B08JV3W3VC.jpg,52.0
2023-12-03,22:54:01,B08JV3W3VC,18,https://images.amazon.com/images/P/B08JV3W3VC.jpg,24.0
2024-12-09,23:09:56,B08NDJC2YK,15,https://images.amazon.com/images/P/B08NDJC2YK.jpg,15.0
2024-10-24,22:55:44,B08SGJ9WHG,17,https://images.amazon.com/images/P/B08SGJ9WHG.jpg,19.0
2025-03-09,22:07:47,B08WGSM9CJ,16,https://images.amazon.com/images/P/B08WGSM9CJ.jpg,124.0
2025-03-10,21:36:38,B08WGSM9CJ,34,https://images.amazon.com/images/P/B08WGSM9CJ.jpg,50.0
2025-03-11,21:22:24,B08WGSM9CJ,31,https://images.amazon.com/images/P/B08WGSM9CJ.jpg,71.0
2025-03-09,21:40:34,B0964WZL57,18,https://images.amazon.com/images/P/B0964WZL57.jpg,150.0
2024-06-12,00:35:27,B0BPCK4XW9,52,https://images.amazon.com/images/P/B0BPCK4XW9.jpg,75.0
2024-06-20,21:44:38,B0BPCK4XW9,33,https://images.amazon.com/images/P/B0BPCK4XW9.jpg,20.0
2024-06-23,06:36:59,B0BPCK4XW9,16,https://images.amazon.com/images/P/B0BPCK4XW9.jpg,17.0
2024-07-04,17:38:32,B0BPCK4XW9,63,https://images.amazon.com/images/P/B0BPCK4XW9.jpg,68.0
2024-08-07,20:33:11,B0BPCK4XW9,37,https://images.amazon.com/images/P/B0BPCK4XW9.jpg,28.0
2024-08-23,22:09:37,B0BPCK4XW9,30,https://images.amazon.com/images/P/B0BPCK4XW9.jpg,28.0
2024-05-08,20:44:00,B0BPCM5BL1,18,https://images.amazon.com/images/P/B0BPCM5BL1.jpg,28.0
2024-05-09,14:17:56,B0BPCM5BL1,121,https://images.amazon.com/images/P/B0BPCM5BL1.jpg,97.0
2024-05-10,21:38:00,B0BPCM5BL1,26,https://images.amazon.com/images/P/B0BPCM5BL1.jpg,18.0
2024-05-13,22:49:18,B0BPCM5BL1,22,https://images.amazon.com/images/P/B0BPCM5BL1.jpg,32.0
2024-05-14,16:28:40,B0BPCM5BL1,200,https://images.amazon.com/images/P/B0BPCM5BL1.jpg,128.0
2024-05-15,14:23:22,B0BPCM5BL1,79,https://images.amazon.com/images/P/B0BPCM5BL1.jpg,49.0
2024-05-17,20:00:40,B0BPCM5BL1,53,https://images.amazon.com/images/P/B0BPCM5BL1.jpg,40.0
2024-05-20,18:35:29,B0BPCM5BL1,28,https://images.amazon.com/images/P/B0BPCM5BL1.jpg,30.0
2024-05-21,20:29:09,B0BPCM5BL1,41,https://images.amazon.com/images/P/B0BPCM5BL1.jpg,35.0
2024-05-23,13:16:29,B0BPCM5BL1,51,https://images.amazon.com/images/P/B0BPCM5BL1.jpg,56.0
2024-05-24,12:53:36,B0BPCM5BL1,74,https://images.amazon.com/images/P/B0BPCM5BL1.jpg,65.0
2024-05-25,12:17:03,B0BPCM5BL1,95,https://images.amazon.com/images/P/B0BPCM5BL1.jpg,68.0
2024-05-26,22:13:19,B0BPCM5BL1,32,https://images.amazon.com/images/P/B0BPCM5BL1.jpg,35.0
2024-10-25,20:16:03,B0BS37DHM3,69,https://images.amazon.com/images/P/B0BS37DHM3.jpg,72.0
2024-10-26,17:50:09,B0BS37DHM3,112,https://images.amazon.com/images/P/B0BS37DHM3.jpg,120.0
2024-10-27,21:13:30,B0BS37DHM3,57,https://images.amazon.com/images/P/B0BS37DHM3.jpg,69.0
2024-10-28,22:30:54,B0BS37DHM3,58,https://images.amazon.com/images/P/B0BS37DHM3.jpg,61.0
2024-10-30,02:01:18,B0BS37DHM3,68,https://images.amazon.com/images/P/B0BS37DHM3.jpg,71.0
2024-11-01,00:20:07,B0BS37DHM3,33,https://images.amazon.com/images/P/B0BS37DHM3.jpg,37.0
2024-11-02,20:08:10,B0BS37DHM3,36,https://images.amazon.com/images/P/B0BS37DHM3.jpg,63.0
2023-10-08,07:10:15,B0BWTXDDQV,39,https://images.amazon.com/images/P/B0BWTXDDQV.jpg,35.0
2025-04-24,21:02:29,B0CKCRZXGV,18,https://images.amazon.com/images/P/B0CKCRZXGV.jpg,76.0
2025-04-25,09:12:03,B0CKCRZXGV,56,https://images.amazon.com/images/P/B0CKCRZXGV.jpg,145.0
2025-04-27,07:09:25,B0CKCRZXGV,15,https://images.amazon.com/images/P/B0CKCRZXGV.jpg,30.0
2025-04-28,21:22:53,B0CKCRZXGV,29,https://images.amazon.com/images/P/B0CKCRZXGV.jpg,110.0
2025-03-13,20:57:35,B0DZD18WRP,44,https://images.amazon.com/images/P/B0DZD18WRP.jpg,47.0
2025-03-14,22:17:07,B0DZD18WRP,50,https://images.amazon.com/images/P/B0DZD18WRP.jpg,47.0
2025-03-15,14:58:22,B0DZD18WRP,101,https://images.amazon.com/images/P/B0DZD18WRP.jpg,105.0
2025-03-16,22:25:10,B0DZD18WRP,44,https://images.amazon.com/images/P/B0DZD18WRP.jpg,41.0
2025-03-17,21:50:43,B0DZD18WRP,51,https://images.amazon.com/images/P/B0DZD18WRP.jpg,58.0
2025-03-18,22:42:22,B0DZD18WRP,43,https://images.amazon.com/images/P/B0DZD18WRP.jpg,37.0
2025-03-19,21:25:47,B0DZD18WRP,61,https://images.amazon.com/images/P/B0DZD18WRP.jpg,74.0
2025-03-20,11:20:25,B0DZD18WRP,71,https://images.amazon.com/images/P/B0DZD18WRP.jpg,91.0
2025-03-21,23:41:11,B0DZD18WRP,21,https://images.amazon.com/images/P/B0DZD18WRP.jpg,22.0
2025-03-22,18:46:10,B0DZD18WRP,33,https://images.amazon.com/images/P/B0DZD18WRP.jpg,28.0
2025-03-23,22:14:58,B0DZD18WRP,43,https://images.amazon.com/images/P/B0DZD18WRP.jpg,50.0
2025-03-24,22:14:37,B0DZD18WRP,19,https://images.amazon.com/images/P/B0DZD18WRP.jpg,17.0
2025-03-25,23:00:34,B0DZD18WRP,77,https://images.amazon.com/images/P/B0DZD18WRP.jpg,73.0
