total_commits,date,repository_name,repository_url,repository_image
18,2025-05-10,year-in-data,https://github.com/Aebel-Shajan/year-in-data,https://repository-images.githubusercontent.com/903916918/0f47237c-abc5-45c3-ad78-abcca7206b0a
9,2025-05-09,year-in-data,https://github.com/Aebel-Shajan/year-in-data,https://repository-images.githubusercontent.com/903916918/0f47237c-abc5-45c3-ad78-abcca7206b0a
18,2025-05-08,year-in-data,https://github.com/Aebel-Shajan/year-in-data,https://repository-images.githubusercontent.com/903916918/0f47237c-abc5-45c3-ad78-abcca7206b0a
8,2025-04-30,year-in-data,https://github.com/Aebel-Shajan/year-in-data,https://repository-images.githubusercontent.com/903916918/0f47237c-abc5-45c3-ad78-abcca7206b0a
5,2025-04-24,year-in-data,https://github.com/Aebel-Shajan/year-in-data,https://repository-images.githubusercontent.com/903916918/0f47237c-abc5-45c3-ad78-abcca7206b0a
1,2025-04-23,year-in-data,https://github.com/Aebel-Shajan/year-in-data,https://repository-images.githubusercontent.com/903916918/0f47237c-abc5-45c3-ad78-abcca7206b0a
15,2025-04-13,year-in-data,https://github.com/Aebel-Shajan/year-in-data,https://repository-images.githubusercontent.com/903916918/0f47237c-abc5-45c3-ad78-abcca7206b0a
1,2025-04-12,year-in-data,https://github.com/Aebel-Shajan/year-in-data,https://repository-images.githubusercontent.com/903916918/0f47237c-abc5-45c3-ad78-abcca7206b0a
2,2025-04-11,year-in-data,https://github.com/Aebel-Shajan/year-in-data,https://repository-images.githubusercontent.com/903916918/0f47237c-abc5-45c3-ad78-abcca7206b0a
2,2025-04-10,year-in-data,https://github.com/Aebel-Shajan/year-in-data,https://repository-images.githubusercontent.com/903916918/0f47237c-abc5-45c3-ad78-abcca7206b0a
6,2025-04-08,year-in-data,https://github.com/Aebel-Shajan/year-in-data,https://repository-images.githubusercontent.com/903916918/0f47237c-abc5-45c3-ad78-abcca7206b0a
2,2025-04-06,year-in-data,https://github.com/Aebel-Shajan/year-in-data,https://repository-images.githubusercontent.com/903916918/0f47237c-abc5-45c3-ad78-abcca7206b0a
2,2025-04-01,year-in-data,https://github.com/Aebel-Shajan/year-in-data,https://repository-images.githubusercontent.com/903916918/0f47237c-abc5-45c3-ad78-abcca7206b0a
13,2025-03-18,year-in-data,https://github.com/Aebel-Shajan/year-in-data,https://repository-images.githubusercontent.com/903916918/0f47237c-abc5-45c3-ad78-abcca7206b0a
2,2025-03-17,year-in-data,https://github.com/Aebel-Shajan/year-in-data,https://repository-images.githubusercontent.com/903916918/0f47237c-abc5-45c3-ad78-abcca7206b0a
1,2025-03-16,year-in-data,https://github.com/Aebel-Shajan/year-in-data,https://repository-images.githubusercontent.com/903916918/0f47237c-abc5-45c3-ad78-abcca7206b0a
2,2025-02-19,year-in-data,https://github.com/Aebel-Shajan/year-in-data,https://repository-images.githubusercontent.com/903916918/0f47237c-abc5-45c3-ad78-abcca7206b0a
1,2025-01-30,year-in-data,https://github.com/Aebel-Shajan/year-in-data,https://repository-images.githubusercontent.com/903916918/0f47237c-abc5-45c3-ad78-abcca7206b0a
3,2025-01-26,year-in-data,https://github.com/Aebel-Shajan/year-in-data,https://repository-images.githubusercontent.com/903916918/0f47237c-abc5-45c3-ad78-abcca7206b0a
15,2025-01-18,year-in-data,https://github.com/Aebel-Shajan/year-in-data,https://repository-images.githubusercontent.com/903916918/0f47237c-abc5-45c3-ad78-abcca7206b0a
3,2025-01-06,year-in-data,https://github.com/Aebel-Shajan/year-in-data,https://repository-images.githubusercontent.com/903916918/0f47237c-abc5-45c3-ad78-abcca7206b0a
27,2025-01-05,year-in-data,https://github.com/Aebel-Shajan/year-in-data,https://repository-images.githubusercontent.com/903916918/0f47237c-abc5-45c3-ad78-abcca7206b0a
36,2025-01-04,year-in-data,https://github.com/Aebel-Shajan/year-in-data,https://repository-images.githubusercontent.com/903916918/0f47237c-abc5-45c3-ad78-abcca7206b0a
15,2025-01-03,year-in-data,https://github.com/Aebel-Shajan/year-in-data,https://repository-images.githubusercontent.com/903916918/0f47237c-abc5-45c3-ad78-abcca7206b0a
11,2025-01-02,year-in-data,https://github.com/Aebel-Shajan/year-in-data,https://repository-images.githubusercontent.com/903916918/0f47237c-abc5-45c3-ad78-abcca7206b0a
2,2025-01-01,year-in-data,https://github.com/Aebel-Shajan/year-in-data,https://repository-images.githubusercontent.com/903916918/0f47237c-abc5-45c3-ad78-abcca7206b0a
1,2025-05-05,yd_backend,https://github.com/Aebel-Shajan/yd_backend,https://opengraph.githubassets.com/b3c7bb5820f32150dee304eaca6434c9ef6283752fa5d7bb62828d62e106cf2a/Aebel-Shajan/yd_backend
1,2025-04-30,yd_backend,https://github.com/Aebel-Shajan/yd_backend,https://opengraph.githubassets.com/b3c7bb5820f32150dee304eaca6434c9ef6283752fa5d7bb62828d62e106cf2a/Aebel-Shajan/yd_backend
2,2025-04-29,yd_backend,https://github.com/Aebel-Shajan/yd_backend,https://opengraph.githubassets.com/b3c7bb5820f32150dee304eaca6434c9ef6283752fa5d7bb62828d62e106cf2a/Aebel-Shajan/yd_backend
1,2025-04-28,yd_backend,https://github.com/Aebel-Shajan/yd_backend,https://opengraph.githubassets.com/b3c7bb5820f32150dee304eaca6434c9ef6283752fa5d7bb62828d62e106cf2a/Aebel-Shajan/yd_backend
3,2025-04-27,yd_backend,https://github.com/Aebel-Shajan/yd_backend,https://opengraph.githubassets.com/b3c7bb5820f32150dee304eaca6434c9ef6283752fa5d7bb62828d62e106cf2a/Aebel-Shajan/yd_backend
6,2025-04-26,yd_backend,https://github.com/Aebel-Shajan/yd_backend,https://opengraph.githubassets.com/b3c7bb5820f32150dee304eaca6434c9ef6283752fa5d7bb62828d62e106cf2a/Aebel-Shajan/yd_backend
3,2025-04-24,yd_backend,https://github.com/Aebel-Shajan/yd_backend,https://opengraph.githubassets.com/b3c7bb5820f32150dee304eaca6434c9ef6283752fa5d7bb62828d62e106cf2a/Aebel-Shajan/yd_backend
1,2025-04-13,yd_backend,https://github.com/Aebel-Shajan/yd_backend,https://opengraph.githubassets.com/b3c7bb5820f32150dee304eaca6434c9ef6283752fa5d7bb62828d62e106cf2a/Aebel-Shajan/yd_backend
4,2025-04-11,yd_backend,https://github.com/Aebel-Shajan/yd_backend,https://opengraph.githubassets.com/b3c7bb5820f32150dee304eaca6434c9ef6283752fa5d7bb62828d62e106cf2a/Aebel-Shajan/yd_backend
1,2025-04-08,yd_backend,https://github.com/Aebel-Shajan/yd_backend,https://opengraph.githubassets.com/b3c7bb5820f32150dee304eaca6434c9ef6283752fa5d7bb62828d62e106cf2a/Aebel-Shajan/yd_backend
11,2025-04-06,yd_backend,https://github.com/Aebel-Shajan/yd_backend,https://opengraph.githubassets.com/b3c7bb5820f32150dee304eaca6434c9ef6283752fa5d7bb62828d62e106cf2a/Aebel-Shajan/yd_backend
22,2025-04-05,yd_backend,https://github.com/Aebel-Shajan/yd_backend,https://opengraph.githubassets.com/b3c7bb5820f32150dee304eaca6434c9ef6283752fa5d7bb62828d62e106cf2a/Aebel-Shajan/yd_backend
4,2025-04-04,yd_backend,https://github.com/Aebel-Shajan/yd_backend,https://opengraph.githubassets.com/b3c7bb5820f32150dee304eaca6434c9ef6283752fa5d7bb62828d62e106cf2a/Aebel-Shajan/yd_backend
2,2025-04-01,yd_backend,https://github.com/Aebel-Shajan/yd_backend,https://opengraph.githubassets.com/b3c7bb5820f32150dee304eaca6434c9ef6283752fa5d7bb62828d62e106cf2a/Aebel-Shajan/yd_backend
20,2025-03-30,yd_backend,https://github.com/Aebel-Shajan/yd_backend,https://opengraph.githubassets.com/b3c7bb5820f32150dee304eaca6434c9ef6283752fa5d7bb62828d62e106cf2a/Aebel-Shajan/yd_backend
1,2025-03-29,yd_backend,https://github.com/Aebel-Shajan/yd_backend,https://opengraph.githubassets.com/b3c7bb5820f32150dee304eaca6434c9ef6283752fa5d7bb62828d62e106cf2a/Aebel-Shajan/yd_backend
1,2025-03-28,yd_backend,https://github.com/Aebel-Shajan/yd_backend,https://opengraph.githubassets.com/b3c7bb5820f32150dee304eaca6434c9ef6283752fa5d7bb62828d62e106cf2a/Aebel-Shajan/yd_backend
2,2025-03-14,yd_backend_old,https://github.com/Aebel-Shajan/yd_backend_old,https://opengraph.githubassets.com/58cbfabf4ae76713c21436aea361a2822a6f90efcaad708f3e04d2b8eaf05183/Aebel-Shajan/yd_backend_old
7,2025-03-06,yd_backend_old,https://github.com/Aebel-Shajan/yd_backend_old,https://opengraph.githubassets.com/58cbfabf4ae76713c21436aea361a2822a6f90efcaad708f3e04d2b8eaf05183/Aebel-Shajan/yd_backend_old
5,2025-03-05,yd_backend_old,https://github.com/Aebel-Shajan/yd_backend_old,https://opengraph.githubassets.com/58cbfabf4ae76713c21436aea361a2822a6f90efcaad708f3e04d2b8eaf05183/Aebel-Shajan/yd_backend_old
9,2025-03-04,yd_backend_old,https://github.com/Aebel-Shajan/yd_backend_old,https://opengraph.githubassets.com/58cbfabf4ae76713c21436aea361a2822a6f90efcaad708f3e04d2b8eaf05183/Aebel-Shajan/yd_backend_old
1,2025-03-03,yd_backend_old,https://github.com/Aebel-Shajan/yd_backend_old,https://opengraph.githubassets.com/58cbfabf4ae76713c21436aea361a2822a6f90efcaad708f3e04d2b8eaf05183/Aebel-Shajan/yd_backend_old
7,2025-03-02,yd_backend_old,https://github.com/Aebel-Shajan/yd_backend_old,https://opengraph.githubassets.com/58cbfabf4ae76713c21436aea361a2822a6f90efcaad708f3e04d2b8eaf05183/Aebel-Shajan/yd_backend_old
7,2025-03-01,yd_backend_old,https://github.com/Aebel-Shajan/yd_backend_old,https://opengraph.githubassets.com/58cbfabf4ae76713c21436aea361a2822a6f90efcaad708f3e04d2b8eaf05183/Aebel-Shajan/yd_backend_old
14,2025-02-28,yd_backend_old,https://github.com/Aebel-Shajan/yd_backend_old,https://opengraph.githubassets.com/58cbfabf4ae76713c21436aea361a2822a6f90efcaad708f3e04d2b8eaf05183/Aebel-Shajan/yd_backend_old
3,2025-02-27,yd_backend_old,https://github.com/Aebel-Shajan/yd_backend_old,https://opengraph.githubassets.com/58cbfabf4ae76713c21436aea361a2822a6f90efcaad708f3e04d2b8eaf05183/Aebel-Shajan/yd_backend_old
1,2025-02-26,yd_backend_old,https://github.com/Aebel-Shajan/yd_backend_old,https://opengraph.githubassets.com/58cbfabf4ae76713c21436aea361a2822a6f90efcaad708f3e04d2b8eaf05183/Aebel-Shajan/yd_backend_old
1,2025-05-08,ons-design-system-example,https://github.com/Aebel-Shajan/ons-design-system-example,https://opengraph.githubassets.com/86e08ceb550627d8201977e91841ca0af37391166e75b2b6f802845775a9df29/Aebel-Shajan/ons-design-system-example
7,2025-02-02,ons-design-system-example,https://github.com/Aebel-Shajan/ons-design-system-example,https://opengraph.githubassets.com/86e08ceb550627d8201977e91841ca0af37391166e75b2b6f802845775a9df29/Aebel-Shajan/ons-design-system-example
4,2025-02-01,ons-design-system-example,https://github.com/Aebel-Shajan/ons-design-system-example,https://opengraph.githubassets.com/86e08ceb550627d8201977e91841ca0af37391166e75b2b6f802845775a9df29/Aebel-Shajan/ons-design-system-example
11,2025-03-09,stl-readme-test,https://github.com/Aebel-Shajan/stl-readme-test,https://opengraph.githubassets.com/03a4050c619dbe6bfa51c6a49f10f79ce6fdaed9d4b6c3e5d8270a1570dd7ae2/Aebel-Shajan/stl-readme-test
1,2025-03-23,flask-oauth2,https://github.com/Aebel-Shajan/flask-oauth2,https://opengraph.githubassets.com/48069856fbd7bc103ea3325dd3963b0a89dcb16221212b88bc1fcd4b0a7787f5/Aebel-Shajan/flask-oauth2
4,2025-03-21,flask-oauth2,https://github.com/Aebel-Shajan/flask-oauth2,https://opengraph.githubassets.com/48069856fbd7bc103ea3325dd3963b0a89dcb16221212b88bc1fcd4b0a7787f5/Aebel-Shajan/flask-oauth2
4,2025-03-20,flask-oauth2,https://github.com/Aebel-Shajan/flask-oauth2,https://opengraph.githubassets.com/48069856fbd7bc103ea3325dd3963b0a89dcb16221212b88bc1fcd4b0a7787f5/Aebel-Shajan/flask-oauth2
1,2025-01-26,notes,https://github.com/Aebel-Shajan/notes,https://opengraph.githubassets.com/2ce6166ffb3fc3d26649fe42d05aaba3c7b17801e51ef50ec626c8344af68bbf/Aebel-Shajan/notes
3,2025-01-19,notes,https://github.com/Aebel-Shajan/notes,https://opengraph.githubassets.com/2ce6166ffb3fc3d26649fe42d05aaba3c7b17801e51ef50ec626c8344af68bbf/Aebel-Shajan/notes
2,2025-01-06,notes,https://github.com/Aebel-Shajan/notes,https://opengraph.githubassets.com/2ce6166ffb3fc3d26649fe42d05aaba3c7b17801e51ef50ec626c8344af68bbf/Aebel-Shajan/notes
1,2025-03-25,Aebel-Shajan,https://github.com/Aebel-Shajan/Aebel-Shajan,https://opengraph.githubassets.com/0494b9479860fb1aefaf4a404f5740fc4995764779cd74cb4527ffec59f4d642/Aebel-Shajan/Aebel-Shajan
1,2025-03-15,Aebel-Shajan,https://github.com/Aebel-Shajan/Aebel-Shajan,https://opengraph.githubassets.com/0494b9479860fb1aefaf4a404f5740fc4995764779cd74cb4527ffec59f4d642/Aebel-Shajan/Aebel-Shajan
1,2025-02-01,Aebel-Shajan,https://github.com/Aebel-Shajan/Aebel-Shajan,https://opengraph.githubassets.com/0494b9479860fb1aefaf4a404f5740fc4995764779cd74cb4527ffec59f4d642/Aebel-Shajan/Aebel-Shajan
1,2025-01-28,Aebel-Shajan,https://github.com/Aebel-Shajan/Aebel-Shajan,https://opengraph.githubassets.com/0494b9479860fb1aefaf4a404f5740fc4995764779cd74cb4527ffec59f4d642/Aebel-Shajan/Aebel-Shajan
1,2025-01-07,Aebel-Shajan,https://github.com/Aebel-Shajan/Aebel-Shajan,https://opengraph.githubassets.com/0494b9479860fb1aefaf4a404f5740fc4995764779cd74cb4527ffec59f4d642/Aebel-Shajan/Aebel-Shajan
2,2025-03-25,flask-google-drive-app,https://github.com/Aebel-Shajan/flask-google-drive-app,https://opengraph.githubassets.com/e97ec6a48d480defb828347d55a24ef088dc80ac744641597b0d88c5bc817f3a/Aebel-Shajan/flask-google-drive-app
2,2025-03-23,flask-google-drive-app,https://github.com/Aebel-Shajan/flask-google-drive-app,https://opengraph.githubassets.com/e97ec6a48d480defb828347d55a24ef088dc80ac744641597b0d88c5bc817f3a/Aebel-Shajan/flask-google-drive-app
1,2025-03-09,room,https://github.com/flo-bit/room,https://opengraph.githubassets.com/c0f48a9f73dc483d44d1833526242d4f85ed1bb7c656ca648480d6e10899463d/flo-bit/room
